cloud_cover,training_time
10.0,0.39097198645273845
20.0,0.3517655611038208
30.0,0.3372633337974548
40.0,0.35433977047602333
50.0,0.25138785044352213
60.0,1.176497968037923
70.0,0.6776492198308309
80.0,0.510326337814331
90.0,0.8356060822804768
