cloud_cover,training_time
10.0,3.174142388502757
30.0,2.7672888318697613
50.0,1.8886165936787922
70.0,1.5626062313715616
90.0,0.7606689850489299
