cloud_cover,training_time
10.0,12.067952807744344
30.0,7.909844875335693
50.0,9.803011254469554
70.0,4.136686209837595
90.0,2.358384648958842
