cloud_cover,training_time
10.0,1.096458383401235
20.0,0.998058573404948
30.0,0.9793141047159831
40.0,0.8480440537134807
50.0,0.7327195445696513
60.0,1.330842423439026
70.0,2.065747574965159
80.0,1.3579341769218445
90.0,1.4305006623268128
