cloud_cover,training_time
10.0,7.85361004670461
30.0,6.104700708389283
50.0,7.291100561618805
70.0,4.05023033618927
90.0,1.254317871729533
