cloud_cover,training_time
10.0,9.493515499432881
20.0,7.756820710500081
30.0,8.902135741710662
40.0,8.184671644369761
50.0,4.776227565606435
60.0,14.728696604569754
70.0,12.902088963985443
80.0,9.227602314949035
90.0,8.971612473328909
