cloud_cover,training_time
10.0,5.3278324564298
30.0,7.216406273841858
50.0,4.311530792713166
70.0,2.1524097601572674
90.0,1.3162853320439656
