cloud_cover,lr_min,lr_max,lr_avg
10.0,0.7535461783409119,1.3262412548065186,0.7535461783409119
20.0,0.8448006510734558,1.764395833015442,0.8448006510734558
30.0,0.9755754470825195,1.7986208200454712,0.9755754470825195
40.0,0.936413049697876,1.83477783203125,0.936413049697876
50.0,0.8172184228897095,1.8490062952041626,0.8172184228897095
60.0,0.7751560807228088,1.3547180891036987,0.7751560807228088
70.0,0.7393071055412292,1.6594374179840088,0.7393071055412292
80.0,0.757231593132019,1.4861656427383423,0.757231593132019
90.0,0.8707533478736877,1.5877387523651123,0.8707533478736877
