cloud_cover,lr_min,lr_max,lr_avg
10.0,0.5490383505821228,0.9251073002815247,0.5490383505821228
20.0,0.584563672542572,1.1137542724609375,0.584563672542572
30.0,0.629630446434021,0.929631233215332,0.629630446434021
40.0,0.7157411575317383,1.221527338027954,0.7157411575317383
50.0,0.7835689783096313,1.4832834005355835,0.7835689783096313
60.0,0.5055031776428223,0.9518167972564697,0.5055031776428223
70.0,0.46214741468429565,0.7095322608947754,0.46214741468429565
80.0,0.5463089942932129,0.7758417129516602,0.5463089942932129
90.0,0.43154340982437134,0.7885935306549072,0.43154340982437134
