cloud_cover,lr_min,lr_max,lr_avg
10.0,0.5420514941215515,1.0664764642715454,0.5420514941215515
20.0,0.5415717959403992,1.1635017395019531,0.5415717959403992
30.0,0.5395520925521851,1.3229467868804932,0.5395520925521851
40.0,0.6609923839569092,1.1974163055419922,0.6609923839569092
50.0,0.7397480607032776,1.1822800636291504,0.7397480607032776
60.0,0.45331546664237976,1.0141716003417969,0.45331546664237976
70.0,0.5348496437072754,0.9771106243133545,0.5348496437072754
80.0,0.5669691562652588,0.9425203800201416,0.5669691562652588
90.0,0.45084473490715027,0.7028594017028809,0.45084473490715027
