cloud_cover,lr_min,lr_max,lr_avg
10.0,0.49640312790870667,0.7561121582984924,0.49640312790870667
20.0,0.562852680683136,1.010365605354309,0.562852680683136
30.0,0.5582196116447449,1.1711257696151733,0.5582196116447449
40.0,0.5698919296264648,1.2372745275497437,0.5698919296264648
50.0,0.6222933530807495,1.284416675567627,0.6222933530807495
60.0,0.44564110040664673,0.9405829310417175,0.44564110040664673
70.0,0.4558671712875366,0.8812717199325562,0.4558671712875366
80.0,0.44155067205429077,0.9037690758705139,0.44155067205429077
90.0,0.45382195711135864,0.7401519417762756,0.45382195711135864
