cloud_cover,lr_min,lr_max,lr_avg
10.0,0.4524201452732086,1.0631297826766968,0.4524201452732086
20.0,0.4089638590812683,0.9490385055541992,0.4089638590812683
30.0,0.483866810798645,1.2433077096939087,0.483866810798645
40.0,0.5741931200027466,1.3451601266860962,0.5741931200027466
50.0,0.5514464378356934,1.316937804222107,0.5514464378356934
60.0,0.46446388959884644,1.0121614933013916,0.46446388959884644
70.0,0.40073269605636597,0.9822870492935181,0.40073269605636597
80.0,0.3529343008995056,0.6994756460189819,0.3529343008995056
90.0,0.40073269605636597,0.9285130500793457,0.40073269605636597
