cloud_cover,lr_min,lr_max,lr_avg
10.0,0.42783382534980774,0.7054157257080078,0.42783382534980774
20.0,0.5035158395767212,0.936430811882019,0.5035158395767212
30.0,0.48781707882881165,0.9808566570281982,0.48781707882881165
40.0,0.5836364030838013,1.112185001373291,0.5836364030838013
50.0,0.5523801445960999,1.2967544794082642,0.5523801445960999
60.0,0.4429064691066742,0.8828567862510681,0.4429064691066742
70.0,0.4644729197025299,1.048916220664978,0.4644729197025299
80.0,0.4191833734512329,0.8785435557365417,0.4191833734512329
90.0,0.44506311416625977,0.9389287829399109,0.44506311416625977
