cloud_cover,lr_min,lr_max,lr_avg
10.0,0.8319072127342224,1.260701298713684,0.8319072127342224
20.0,0.8238087296485901,1.5476161241531372,0.8238087296485901
30.0,0.9610832929611206,1.8502451181411743,0.9610832929611206
40.0,1.1373554468154907,1.8362079858779907,1.1373554468154907
50.0,1.2400000095367432,1.882070779800415,1.2400000095367432
60.0,0.8850693106651306,1.307294249534607,0.8850693106651306
70.0,0.8388887643814087,1.7097283601760864,0.8388887643814087
80.0,0.8124998807907104,1.7493120431900024,0.8124998807907104
90.0,0.7993054389953613,1.2545160055160522,0.7993054389953613
