cloud_cover,lr_min,lr_max,lr_avg
10.0,0.5481919050216675,1.2521005868911743,0.5481919050216675
20.0,0.5104754567146301,1.1759405136108398,0.5104754567146301
30.0,0.5714287161827087,1.4999974966049194,0.5714287161827087
40.0,0.5697571039199829,1.442163109779358,0.5697571039199829
50.0,0.6795759797096252,1.7177770137786865,0.6795759797096252
60.0,0.5301418304443359,1.1569257974624634,0.5301418304443359
70.0,0.44165539741516113,1.0168211460113525,0.44165539741516113
80.0,0.5178519487380981,1.0954763889312744,0.5178519487380981
90.0,0.4195338785648346,1.102850317955017,0.4195338785648346
