cloud_cover,lr_min,lr_max,lr_avg
10.0,1.17142915725708,1.9142847061157227,1.17142915725708
20.0,1.4458343982696533,1.9208357334136963,1.4458343982696533
30.0,1.2038099765777588,1.909524917602539,1.2038099765777588
40.0,1.2565217018127441,1.89673912525177,1.2565217018127441
50.0,1.4902430772781372,1.8841451406478882,1.4902430772781372
60.0,1.0564616918563843,1.922446608543396,1.0564616918563843
70.0,0.8367341756820679,1.8965963125228882,0.8367341756820679
80.0,1.0435365438461304,1.909521460533142,1.0435365438461304
90.0,0.9272102117538452,1.909521460533142,0.9272102117538452
