cloud_cover,lr_min,lr_max,lr_avg
10.0,0.817522406578064,1.9425948858261108,0.817522406578064
20.0,0.8755092024803162,1.9353713989257812,0.8755092024803162
30.0,0.6937496662139893,1.1835918426513672,0.6937496662139893
40.0,0.8599995374679565,1.9222712516784668,0.8599995374679565
50.0,1.0345957279205322,1.8972957134246826,1.0345957279205322
60.0,0.6921407580375671,1.6035184860229492,0.6921407580375671
70.0,0.7230351567268372,1.8815648555755615,0.7230351567268372
80.0,0.6972898244857788,1.6756045818328857,0.6972898244857788
90.0,0.6921407580375671,1.763137698173523,0.6921407580375671
