cloud_cover,lr_min,lr_max,lr_avg
10.0,1.168749451637268,1.9151793718338013,1.168749451637268
20.0,1.2051023244857788,1.8836725950241089,1.2051023244857788
30.0,1.1404763460159302,1.8869036436080933,1.1404763460159302
40.0,1.3042259216308594,1.8661980628967285,1.3042259216308594
50.0,1.5413784980773926,1.868964433670044,1.5413784980773926
60.0,1.1390626430511475,1.8960914611816406,1.1390626430511475
70.0,1.0648441314697266,1.9109351634979248,1.0648441314697266
80.0,1.18359375,1.9109351634979248,1.18359375
90.0,1.2429685592651367,1.9109351634979248,1.2429685592651367
