cloud_cover,lr_min,lr_max,lr_avg
10.0,0.574245035648346,0.9457842707633972,0.574245035648346
20.0,0.5408263802528381,0.9611485600471497,0.5408263802528381
30.0,0.5447645783424377,1.048048734664917,0.5447645783424377
40.0,0.5353218913078308,0.8119326233863831,0.5353218913078308
50.0,0.838284969329834,1.3431403636932373,0.838284969329834
60.0,0.5810821652412415,0.983786404132843,0.5810821652412415
70.0,0.4405410885810852,0.9297321438789368,0.4405410885810852
80.0,0.5297306180000305,1.0891921520233154,0.5297306180000305
90.0,0.4351356625556946,1.059462308883667,0.4351356625556946
