cloud_cover,lr_min,lr_max,lr_avg
10.0,0.8045840859413147,1.9366705417633057,0.8045840859413147
20.0,0.8744065761566162,1.9279578924179077,0.8744065761566162
30.0,0.791847825050354,1.927712082862854,0.791847825050354
40.0,0.881645143032074,1.9158252477645874,0.881645143032074
50.0,0.9636356830596924,1.8848469257354736,0.9636356830596924
60.0,0.9796304106712341,1.9437053203582764,0.9796304106712341
70.0,0.7966672778129578,1.9366682767868042,0.7966672778129578
80.0,0.6277782320976257,1.9155571460723877,0.6277782320976257
90.0,0.9444451928138733,1.9437053203582764,0.9444451928138733
