cloud_cover,lr_min,lr_max,lr_avg
10.0,0.9352666735649109,1.93575119972229,0.9352666735649109
20.0,0.8786890506744385,1.927324891090393,0.8786890506744385
30.0,0.8362493515014648,1.9168765544891357,0.8362493515014648
40.0,1.1058833599090576,1.9161789417266846,1.1058833599090576
50.0,1.024779200553894,1.8991130590438843,1.024779200553894
60.0,0.7939124703407288,1.933909296989441,0.7939124703407288
70.0,0.8352167010307312,1.9256484508514404,0.8352167010307312
80.0,0.7526082396507263,1.933909296989441,0.7526082396507263
90.0,0.7278257012367249,1.933909296989441,0.7278257012367249
