cloud_cover,lr_min,lr_max,lr_avg
10.0,0.45192834734916687,1.9853538274765015,0.45192834734916687
20.0,0.5047634840011597,1.9833440780639648,0.5047634840011597
30.0,0.425398588180542,1.9807112216949463,0.425398588180542
40.0,0.553924024105072,1.9773178100585938,0.553924024105072
50.0,0.6338844895362854,1.9725066423416138,0.6338844895362854
60.0,0.4591570198535919,1.9870011806488037,0.4591570198535919
70.0,0.3326146900653839,1.9832792282104492,0.3326146900653839
80.0,0.4684616029262543,1.9870011806488037,0.4684616029262543
90.0,0.4349651038646698,1.9870011806488037,0.4349651038646698
