cloud_cover,lr_min,lr_max,lr_avg
10.0,0.8396419882774353,1.715002417564392,0.8396419882774353
20.0,0.8000011444091797,1.6538505554199219,0.8000011444091797
30.0,0.9930869340896606,1.7285743951797485,0.9930869340896606
40.0,1.0601061582565308,1.8989311456680298,1.0601061582565308
50.0,1.079872965812683,1.617607593536377,1.079872965812683
60.0,0.741400420665741,1.1952213048934937,0.741400420665741
70.0,0.8684702515602112,1.5461760759353638,0.8684702515602112
80.0,0.7111456990242004,1.6308892965316772,0.7111456990242004
90.0,0.8321645855903625,1.5340741872787476,0.8321645855903625
