cloud_cover,lr_min,lr_max,lr_avg
10.0,0.5039585828781128,1.1586500406265259,0.5039585828781128
20.0,0.5459516048431396,1.2054545879364014,0.5459516048431396
30.0,0.5081742405891418,1.1728118658065796,0.5081742405891418
40.0,0.5325893759727478,1.2111601829528809,0.5325893759727478
50.0,0.6618275046348572,1.3768806457519531,0.6618275046348572
60.0,0.3926892876625061,0.5687997341156006,0.3926892876625061
70.0,0.4646213948726654,0.9855148792266846,0.4646213948726654
80.0,0.44477805495262146,1.169063925743103,0.44477805495262146
90.0,0.3926892876625061,0.7622746229171753,0.3926892876625061
