cloud_cover,lr_min,lr_max,lr_avg
10.0,0.47551706433296204,0.9266989231109619,0.47551706433296204
20.0,0.601827085018158,1.002655029296875,0.601827085018158
30.0,0.5623566508293152,0.9922037720680237,0.5623566508293152
40.0,0.7601345181465149,1.424494743347168,0.7601345181465149
50.0,0.7061656713485718,1.0729202032089233,0.7061656713485718
60.0,0.5266855359077454,1.001055121421814,0.5266855359077454
70.0,0.5467646718025208,1.0136048793792725,0.5467646718025208
80.0,0.4739774763584137,1.0738437175750732,0.4739774763584137
90.0,0.3836202919483185,0.5241756439208984,0.3836202919483185
