cloud_cover,lr_min,lr_max,lr_avg
10.0,0.6761915683746338,1.2714333534240723,0.6761915683746338
20.0,0.7721444368362427,1.3754907846450806,0.7721444368362427
30.0,0.7473177313804626,1.3646687269210815,0.7473177313804626
40.0,0.7149088382720947,1.5854569673538208,0.7149088382720947
50.0,0.8370696306228638,1.4676748514175415,0.8370696306228638
60.0,0.5457853674888611,0.8227781653404236,0.5457853674888611
70.0,0.6063775420188904,1.2469234466552734,0.6063775420188904
80.0,0.714577853679657,1.2209553718566895,0.714577853679657
90.0,0.6712977290153503,1.4633240699768066,0.6712977290153503
