cloud_cover,lr_min,lr_max,lr_avg
10.0,1.192500352859497,1.873335599899292,1.192500352859497
20.0,1.378845453262329,1.8721133470535278,1.378845453262329
30.0,1.2611117362976074,1.873334527015686,1.2611117362976074
40.0,1.4818189144134521,1.8766248226165771,1.4818189144134521
50.0,1.4269849061965942,1.8492075204849243,1.4269849061965942
60.0,0.9142863154411316,1.8914262056350708,0.9142863154411316
70.0,1.131428837776184,1.9185689687728882,1.131428837776184
80.0,0.9414291977882385,1.9185689687728882,0.9414291977882385
90.0,1.0771433115005493,1.9185689687728882,1.0771433115005493
