cloud_cover,lr_min,lr_max,lr_avg
10.0,0.4905719757080078,1.0132871866226196,0.4905719757080078
20.0,0.5340952277183533,1.2019295692443848,0.5340952277183533
30.0,0.6604036688804626,1.3167681694030762,0.6604036688804626
40.0,0.7021129727363586,1.2551648616790771,0.7021129727363586
50.0,0.8632013201713562,1.4396086931228638,0.8632013201713562
60.0,0.5026310682296753,0.7315806746482849,0.5026310682296753
70.0,0.5210523009300232,0.8578976988792419,0.5210523009300232
80.0,0.5236839056015015,0.9578986763954163,0.5236839056015015
90.0,0.44736796617507935,1.0763190984725952,0.44736796617507935
