cloud_cover,training_time
10.0,0.4399863600730896
30.0,2.51772563457489
50.0,3.2471226414044696
70.0,5.854695479075114
90.0,4.404349346955617
