cloud_cover,training_time
10.0,21.52019604841868
20.0,12.381794909636179
30.0,10.000703922907512
40.0,10.195534157752991
50.0,11.796009234587352
60.0,20.249048682053886
70.0,18.213110327720642
80.0,31.264874704678853
90.0,20.21228243112564
