cloud_cover,training_time
10.0,1.8144168535868328
20.0,2.0402105689048766
30.0,1.4606667319933573
40.0,1.2925304730733236
50.0,1.2066799521446228
60.0,4.213897283871969
70.0,2.024349157015483
80.0,2.0708193739255267
90.0,2.0922409852345782
