cloud_cover,training_time
10.0,5.8209543069203695
30.0,2.049529186884562
50.0,2.442787722746531
70.0,1.628484590848287
90.0,0.4239529927571615
