cloud_cover,training_time
10.0,4.397838242848715
20.0,6.264087041219075
30.0,3.5315364956855775
40.0,2.582635811964671
50.0,2.9857852935791014
60.0,4.110753524303436
70.0,5.090734295050303
80.0,6.550801281134287
90.0,6.999945310751597
