cloud_cover,training_time
10.0,13.276990139484406
30.0,9.892462905248006
50.0,5.256269447008768
70.0,3.816104797522227
90.0,0.8617896318435669
