cloud_cover,training_time
10.0,14.642516271273296
30.0,10.028706582387288
50.0,4.425180085500082
70.0,3.9191094795862833
90.0,2.1171737631162006
