cloud_cover,training_time
10.0,6.403566201527913
20.0,5.294368104139964
30.0,3.672838791211446
40.0,4.374226438999176
50.0,3.635354244709015
60.0,7.189307582378388
70.0,4.349444580078125
80.0,5.368066561222077
90.0,3.6964619278907778
