cloud_cover,lr_min,lr_max,lr_avg
40.0,0.5835120677947998,1.2440844774246216,0.5835120677947998
50.0,0.507142186164856,0.7004316449165344,0.507142186164856
60.0,0.4660932421684265,0.9487637877464294,0.4660932421684265
70.0,0.39655596017837524,0.9589898586273193,0.39655596017837524
80.0,0.49268102645874023,0.805598795413971,0.49268102645874023
90.0,0.4374602437019348,0.9692159295082092,0.4374602437019348
