cloud_cover,lr_min,lr_max,lr_avg
10.0,0.4531177282333374,0.9019137024879456,0.4531177282333374
20.0,0.5193799734115601,0.9464353919029236,0.5193799734115601
30.0,0.543626606464386,1.0018469095230103,0.543626606464386
40.0,0.5767019987106323,1.1521501541137695,0.5767019987106323
50.0,0.6140682697296143,1.1363630294799805,0.6140682697296143
60.0,0.3904203176498413,0.5826704502105713,0.3904203176498413
70.0,0.5049523115158081,0.9139951467514038,0.5049523115158081
80.0,0.4885905981063843,0.8260509371757507,0.4885905981063843
90.0,0.42518895864486694,0.8301413655281067,0.42518895864486694
