cloud_cover,lr_min,lr_max,lr_avg
10.0,0.7062261700630188,1.6451374292373657,0.7062261700630188
20.0,0.8978344798088074,1.5476161241531372,0.8978344798088074
30.0,1.045319676399231,1.7192107439041138,1.045319676399231
40.0,1.0609184503555298,1.9126449823379517,1.0609184503555298
50.0,1.161379098892212,1.895174264907837,1.161379098892212
60.0,0.6013888120651245,1.5579909086227417,0.6013888120651245
70.0,0.7663193345069885,1.4788235425949097,0.7663193345069885
80.0,0.8322915434837341,1.5975745916366577,0.8322915434837341
90.0,0.6211804747581482,1.564588189125061,0.6211804747581482
