cloud_cover,lr_min,lr_max,lr_avg
10.0,0.9075010418891907,1.9366705417633057,0.9075010418891907
20.0,0.7303311824798584,1.909948468208313,0.7303311824798584
30.0,0.781521737575531,1.9070600271224976,0.781521737575531
40.0,0.9297463297843933,1.9158252477645874,0.9297463297843933
50.0,1.064393162727356,1.8992408514022827,1.064393162727356
60.0,0.9866674542427063,1.9437053203582764,0.9866674542427063
70.0,0.7122227549552917,1.929631233215332,0.7122227549552917
80.0,0.8318524956703186,1.9366682767868042,0.8318524956703186
90.0,0.6348152756690979,1.6833347082138062,0.6348152756690979
