cloud_cover,lr_min,lr_max,lr_avg
10.0,0.8003019094467163,1.9425948858261108,0.8003019094467163
20.0,0.7139448523521423,1.8707456588745117,0.7139448523521423
30.0,0.8644522428512573,1.9257769584655762,0.8644522428512573
40.0,0.9031813144683838,1.9222712516784668,0.9031813144683838
50.0,1.0037850141525269,1.8972957134246826,1.0037850141525269
60.0,0.7899730205535889,1.9485019445419312,0.7899730205535889
70.0,0.7075879573822021,1.7888827323913574,0.7075879573822021
80.0,0.6869916915893555,1.6395615339279175,0.6869916915893555
90.0,0.6509482264518738,1.3409191370010376,0.6509482264518738
