cloud_cover,lr_min,lr_max,lr_avg
10.0,1.2714289426803589,1.9142847061157227,1.2714289426803589
20.0,1.1450002193450928,1.9208357334136963,1.1450002193450928
30.0,1.5114293098449707,1.909524917602539,1.5114293098449707
40.0,1.3184782266616821,1.89673912525177,1.3184782266616821
50.0,1.0963410139083862,1.8841451406478882,1.0963410139083862
60.0,1.0306113958358765,1.922446608543396,1.0306113958358765
70.0,1.0047610998153687,1.909521460533142,1.0047610998153687
80.0,1.0306113958358765,1.922446608543396,1.0306113958358765
90.0,0.9272102117538452,1.922446608543396,0.9272102117538452
