cloud_cover,lr_min,lr_max,lr_avg
10.0,0.7476205825805664,1.361910104751587,0.7476205825805664
20.0,0.7668519616127014,1.2325923442840576,0.7668519616127014
30.0,0.7533113956451416,1.6823360919952393,0.7533113956451416
40.0,0.9567263722419739,1.6614574193954468,0.9567263722419739
50.0,0.9681044816970825,1.828020691871643,0.9681044816970825
60.0,0.6063775420188904,1.3767638206481934,0.6063775420188904
70.0,0.6150335669517517,0.8790423274040222,0.6150335669517517
80.0,0.5674254298210144,1.1214110851287842,0.5674254298210144
90.0,0.6410016417503357,1.1473791599273682,0.6410016417503357
