cloud_cover,lr_min,lr_max,lr_avg
10.0,1.271667242050171,1.9208357334136963,1.271667242050171
20.0,1.250961184501648,1.9086517095565796,1.250961184501648
30.0,1.197778344154358,1.873334527015686,1.197778344154358
40.0,1.161039113998413,1.8766248226165771,1.161039113998413
50.0,1.6079374551773071,1.8793662786483765,1.6079374551773071
60.0,1.2128571271896362,1.877854824066162,1.2128571271896362
70.0,1.1585716009140015,1.8914262056350708,1.1585716009140015
80.0,1.050000548362732,1.8642834424972534,1.050000548362732
90.0,1.1721429824829102,1.9185689687728882,1.1721429824829102
