cloud_cover,lr_min,lr_max,lr_avg
10.0,1.129166841506958,1.8575022220611572,1.129166841506958
20.0,1.232692003250122,1.8721133470535278,1.232692003250122
30.0,1.3455562591552734,1.8944456577301025,1.3455562591552734
40.0,1.4571435451507568,1.8766248226165771,1.4571435451507568
50.0,1.5174611806869507,1.8793662786483765,1.5174611806869507
60.0,1.050000548362732,1.9049975872039795,1.050000548362732
70.0,0.9821435213088989,1.9049975872039795,0.9821435213088989
80.0,1.0228577852249146,1.8914262056350708,1.0228577852249146
90.0,0.9007148742675781,1.9049975872039795,0.9007148742675781
