cloud_cover,lr_min,lr_max,lr_avg
70.0,0.8871434330940247,1.877854824066162,0.8871434330940247
80.0,1.1857143640518188,1.8914262056350708,1.1857143640518188
90.0,1.131428837776184,1.8914262056350708,1.131428837776184
