cloud_cover,lr_min,lr_max,lr_avg
10.0,0.508191704750061,1.0867022275924683,0.508191704750061
20.0,0.5173993706703186,0.9581699967384338,0.5173993706703186
30.0,0.6143433451652527,0.9597957730293274,0.6143433451652527
40.0,0.7110331654548645,1.1481225490570068,0.7110331654548645
50.0,0.7511230707168579,1.3809003829956055,0.7511230707168579
60.0,0.4236837923526764,0.5710527896881104,0.4236837923526764
70.0,0.49736788868904114,0.8894769549369812,0.49736788868904114
80.0,0.5710527896881104,0.9684250950813293,0.5710527896881104
90.0,0.58684241771698,0.9605302810668945,0.58684241771698
