cloud_cover,lr_min,lr_max,lr_avg
10.0,0.6021629571914673,1.1219414472579956,0.6021629571914673
20.0,0.4940251410007477,0.8746907114982605,0.4940251410007477
30.0,0.5951515436172485,0.8715134859085083,0.5951515436172485
40.0,0.7600942254066467,1.4424889087677002,0.7600942254066467
50.0,0.7564601302146912,1.5410139560699463,0.7564601302146912
60.0,0.455262690782547,1.0605298280715942,0.455262690782547
70.0,0.5342103242874146,1.0684244632720947,0.5342103242874146
80.0,0.5315787196159363,0.9789515137672424,0.5315787196159363
90.0,0.5052626729011536,0.7236858606338501,0.5052626729011536
