cloud_cover,training_time
50.0,0.40744696458180746
60.0,1.2385722517967224
70.0,0.7196363925933837
80.0,0.8151131987571716
90.0,1.008679986000061
