cloud_cover,training_time
10.0,4.928486728668213
30.0,3.974615196386973
50.0,2.6497653563817343
70.0,1.9134349902470906
90.0,0.5691331664721171
