cloud_cover,training_time
10.0,0.4966205954551697
30.0,1.1714493950208027
50.0,1.7911333441734314
70.0,5.273711427052816
90.0,3.888035070896149
