cloud_cover,training_time
10.0,7.429416596889496
20.0,5.849096592267355
30.0,4.890800813833873
40.0,4.602607587973277
50.0,3.83930903673172
60.0,6.348998681704203
70.0,11.699979599316915
80.0,12.905146173636119
90.0,11.077856401602427
