cloud_cover,training_time
10.0,3.173256154855092
30.0,1.6066168864568073
50.0,2.3517757852872214
70.0,1.3426280260086059
90.0,0.5445696353912354
