cloud_cover,training_time
10.0,0.5968097805976867
20.0,0.510751207669576
30.0,0.25719334681828815
40.0,0.3955573320388794
50.0,0.1867765426635742
60.0,0.41911948124567666
70.0,0.4407382567723592
80.0,0.5466437339782715
90.0,0.3432727893193563
