cloud_cover,training_time
10.0,3.153800884882609
30.0,2.267278436819712
50.0,1.62181826432546
70.0,1.1347855528195698
90.0,0.8694697221120199
