cloud_cover,training_time
10.0,26.642663474877676
20.0,16.03923760255178
30.0,16.608397789796193
40.0,23.74479389588038
50.0,14.522072275479635
60.0,23.768723932902017
70.0,22.67358631292979
80.0,25.64393442471822
90.0,17.421657288074492
