cloud_cover,training_time
10.0,5.6675349513689675
30.0,3.235981480280558
50.0,2.280433396498362
70.0,2.7196042060852053
90.0,0.7309561212857564
