cloud_cover,training_time
10.0,2.5089168628056844
20.0,1.3702311754226684
30.0,1.6510611136754354
40.0,1.510623009999593
50.0,0.6380324482917785
60.0,2.1382312814394635
70.0,1.2110998908678692
80.0,5.0065354069074
90.0,1.2167046467463176
