cloud_cover,training_time
10.0,3.873814352353414
30.0,2.8957380175590517
50.0,2.181317706902822
70.0,1.4389500339825947
90.0,0.44085821708043416
