cloud_cover,training_time
10.0,1.9006262818972268
20.0,1.242760173479716
30.0,0.9425053834915161
40.0,1.0809449434280396
50.0,0.6151503364245097
60.0,2.209354209899902
70.0,1.317900327841441
80.0,0.7745048244794209
90.0,2.689022715886434
