cloud_cover,training_time
10.0,1.1541716933250428
20.0,0.6714678724606832
30.0,0.7257652719815572
40.0,0.6627788186073303
50.0,0.48287297089894615
60.0,0.923444950580597
70.0,0.917052694161733
80.0,0.9074545661608379
90.0,0.9120319167772929
