cloud_cover,training_time
10.0,0.64198024670283
30.0,0.7560354630152385
50.0,0.41947518587112426
70.0,0.42175422112147015
90.0,0.21727747122446697
