cloud_cover,training_time
10.0,3.5465253154436747
20.0,2.436630650361379
30.0,1.7066856622695923
40.0,1.593290146191915
50.0,1.200995886325836
60.0,2.9271124045054115
70.0,2.108555328845978
80.0,2.2468671679496763
90.0,5.265691161155701
