cloud_cover,training_time
10.0,11.807646302382151
30.0,11.187482305367787
50.0,6.044027451674143
70.0,2.5669221917788185
90.0,0.7839111089706421
