cloud_cover,training_time
10.0,14.710840797424316
30.0,10.209120957056681
50.0,10.911894663174946
70.0,5.071879919370016
90.0,1.4969817002614338
