cloud_cover,training_time
10.0,8.712083192666372
20.0,10.362075773874919
30.0,6.525928215185801
40.0,8.214457134405771
50.0,7.6270406921704605
60.0,13.194020787874857
70.0,23.015489383538565
80.0,18.384978075822193
90.0,17.886439271767934
