cloud_cover,training_time
10.0,0.4458723028500875
20.0,0.49791251023610433
30.0,0.3555097818374634
40.0,0.31941621700922646
50.0,0.22675363620122274
60.0,0.5631542007128397
70.0,0.7037946939468384
80.0,0.7586206873257955
90.0,0.3836899240811666
