cloud_cover,training_time
10.0,0.8838890234629313
30.0,0.6414789160092672
50.0,0.5729601701100667
70.0,0.37326730489730836
90.0,0.3322888255119324
