cloud_cover,training_time
10.0,12.101141043504079
30.0,8.745740310351055
50.0,3.212549610932668
70.0,1.9836452762285868
90.0,0.9271012504895528
