cloud_cover,training_time
10.0,3.843588880697886
20.0,2.4605147878328957
30.0,2.679245380560557
40.0,2.1617393215497334
50.0,2.41457101504008
60.0,3.8684539278348287
70.0,4.119773717721303
80.0,3.0654046614964803
90.0,2.899806487560272
