cloud_cover,training_time
10.0,2.864877672990163
30.0,3.6269275069236757
50.0,3.4225934902826944
70.0,3.6856120824813843
90.0,0.2936641573905945
