cloud_cover,training_time
10.0,3.1702433665593466
20.0,2.3271300395329795
30.0,2.9976719935735066
40.0,3.0440649072329204
50.0,1.9817481557528178
60.0,3.7117347160975136
70.0,7.233164993921916
80.0,4.046590499083201
90.0,3.6564511696497597
