cloud_cover,training_time
10.0,22.129542485872904
20.0,26.945849780241648
30.0,17.04117671251297
40.0,16.131032224496206
50.0,18.206391807397207
60.0,30.110420886675517
70.0,29.921350236733755
80.0,30.518204482396445
90.0,16.260937249660493
