cloud_cover,training_time
10.0,8.10125065644582
30.0,7.8355214913686115
50.0,10.526648366451264
70.0,4.9433341701825455
90.0,0.8101344307263693
