cloud_cover,training_time
10.0,0.4020872155825297
20.0,0.5571678400039672
30.0,0.27789791822433474
40.0,0.24322656790415445
50.0,0.26175369024276735
60.0,0.493662428855896
70.0,0.7259687383969625
80.0,0.667607061068217
90.0,0.8163158933321635
