cloud_cover,training_time
10.0,0.38250544865926106
30.0,0.2285550793011983
50.0,0.20593117475509642
70.0,0.13259008725484211
90.0,0.0781547745068868
