cloud_cover,training_time
10.0,1.1783788402875264
20.0,0.8770001212755839
30.0,0.9077240149180095
40.0,1.0568015416463217
50.0,0.7644635160764058
60.0,1.059960091114044
70.0,1.263483464717865
80.0,1.2049988905588787
90.0,1.2619781573613484
