cloud_cover,training_time
10.0,2.893225812911987
30.0,3.426474225521088
50.0,2.4061659574508667
70.0,1.607048265139262
90.0,0.7377241730690003
