cloud_cover,training_time
10.0,6.924720593293507
30.0,5.5785739103953045
50.0,6.063510970274607
70.0,4.486071662108103
90.0,1.4462373852729797
