cloud_cover,training_time
10.0,1.7665583848953248
20.0,1.533577040831248
30.0,3.353854747613271
40.0,2.7518803437550865
50.0,2.1001585642496745
60.0,1.954064639409383
70.0,1.9199241717656452
80.0,1.9814155220985412
90.0,1.9719441493352254
