cloud_cover,lr_min,lr_max,lr_avg
10.0,0.5037139654159546,0.7380374073982239,0.5037139654159546
20.0,0.5147214531898499,0.8876493573188782,0.5147214531898499
30.0,0.580588161945343,0.9121549129486084,0.580588161945343
40.0,0.6422281861305237,1.1800479888916016,0.6422281861305237
50.0,0.738656759262085,1.1963602304458618,0.738656759262085
60.0,0.3601340651512146,0.5106039047241211,0.3601340651512146
70.0,0.4544964134693146,0.7350358963012695,0.4544964134693146
80.0,0.4570467472076416,1.0512809753417969,0.4570467472076416
90.0,0.497852087020874,1.0563817024230957,0.497852087020874
