cloud_cover,lr_min,lr_max,lr_avg
10.0,0.4360906779766083,1.1272460222244263,0.4360906779766083
20.0,0.5475959181785583,1.1687440872192383,0.5475959181785583
30.0,0.6038684248924255,0.9152874946594238,0.6038684248924255
40.0,0.6528027057647705,1.3816840648651123,0.6528027057647705
50.0,0.6141747236251831,1.1773158311843872,0.6141747236251831
60.0,0.5546154975891113,1.004288673400879,0.5546154975891113
70.0,0.5669691562652588,0.9944057464599609,0.5669691562652588
80.0,0.45331546664237976,1.0784106254577637,0.45331546664237976
90.0,0.5274374485015869,0.9548740386962891,0.5274374485015869
