cloud_cover,lr_min,lr_max,lr_avg
10.0,0.8173460364341736,1.702718734741211,0.8173460364341736
20.0,0.7499999403953552,1.7785756587982178,0.7499999403953552
30.0,0.8357455134391785,1.7574504613876343,0.8357455134391785
40.0,0.7645317316055298,1.7285703420639038,0.7645317316055298
50.0,0.9382350444793701,1.8882347345352173,0.9382350444793701
60.0,0.7751560807228088,1.6056634187698364,0.7751560807228088
70.0,0.7751560807228088,1.348743200302124,0.7751560807228088
80.0,0.6795588135719299,1.1396220922470093,0.6795588135719299
90.0,0.7393071055412292,1.3427683115005493,0.7393071055412292
