cloud_cover,lr_min,lr_max,lr_avg
10.0,0.3911295235157013,0.8311040997505188,0.3911295235157013
20.0,0.4210922122001648,0.8749668002128601,0.4210922122001648
30.0,0.5027034878730774,1.1162192821502686,0.5027034878730774
40.0,0.5066990256309509,0.9413384795188904,0.5066990256309509
50.0,0.6078842878341675,1.1778837442398071,0.6078842878341675
60.0,0.4564974904060364,0.9384711980819702,0.4564974904060364
70.0,0.404715895652771,0.7572329044342041,0.404715895652771
80.0,0.4186570942401886,1.0121614933013916,0.4186570942401886
90.0,0.42662349343299866,0.9504209756851196,0.42662349343299866
