cloud_cover,lr_min,lr_max,lr_avg
10.0,0.3845521807670593,0.5660373568534851,0.3845521807670593
20.0,0.44613346457481384,0.767364501953125,0.44613346457481384
30.0,0.5367155075073242,0.8996992111206055,0.5367155075073242
40.0,0.6205939054489136,1.1013963222503662,0.6205939054489136
50.0,0.6707992553710938,1.0779428482055664,0.6707992553710938
60.0,0.4947262406349182,0.9242212176322937,0.4947262406349182
70.0,0.44564110040664673,0.7237902283668518,0.44564110040664673
80.0,0.3904203176498413,0.8219605088233948,0.3904203176498413
90.0,0.4763193130493164,0.8628647923469543,0.4763193130493164
