cloud_cover,lr_min,lr_max,lr_avg
10.0,0.5222222208976746,1.0779036283493042,0.5222222208976746
20.0,0.4379008412361145,0.7702652215957642,0.4379008412361145
30.0,0.5037099719047546,0.9939292669296265,0.5037099719047546
40.0,0.6223103404045105,1.2316725254058838,0.6223103404045105
50.0,0.7012085914611816,1.3299492597579956,0.7012085914611816
60.0,0.45368969440460205,0.8418810963630676,0.45368969440460205
70.0,0.4213400185108185,0.8073752522468567,0.4213400185108185
80.0,0.3803637623786926,0.95186847448349,0.3803637623786926
90.0,0.3889903426170349,0.8612906336784363,0.3889903426170349
