cloud_cover,lr_min,lr_max,lr_avg
10.0,0.47672444581985474,1.0090534687042236,0.47672444581985474
20.0,0.4683353304862976,1.2909563779830933,0.4683353304862976
30.0,0.5086403489112854,1.2560638189315796,0.5086403489112854
40.0,0.7360332608222961,1.6799609661102295,0.7360332608222961
50.0,0.6393855214118958,1.6161105632781982,0.6393855214118958
60.0,0.48098254203796387,1.0389429330825806,0.48098254203796387
70.0,0.5006461143493652,0.9799515008926392,0.5006461143493652
80.0,0.4932722747325897,1.0266530513763428,0.4932722747325897
90.0,0.43182361125946045,0.847220778465271,0.43182361125946045
