cloud_cover,lr_min,lr_max,lr_avg
10.0,0.6005560159683228,0.9460078477859497,0.6005560159683228
20.0,0.6595334410667419,1.1989399194717407,0.6595334410667419
30.0,0.6992656588554382,1.3496310710906982,0.6992656588554382
40.0,0.7042979598045349,1.61891508102417,0.7042979598045349
50.0,0.9576387405395508,1.7163256406784058,0.9576387405395508
60.0,0.6135994791984558,0.9759575724601746,0.6135994791984558
70.0,0.6072975993156433,1.0988441705703735,0.6072975993156433
80.0,0.6325051188468933,1.0011650323867798,0.6325051188468933
90.0,0.5915428996086121,0.9665047526359558,0.5915428996086121
