cloud_cover,lr_min,lr_max,lr_avg
10.0,0.8397539258003235,1.9299157857894897,0.8397539258003235
20.0,0.9589052796363831,1.9305963516235352,0.9589052796363831
30.0,0.7757734060287476,1.9216444492340088,0.7757734060287476
40.0,0.8916661739349365,1.9095215797424316,0.8916661739349365
50.0,1.0158276557922363,1.917982578277588,1.0158276557922363
60.0,0.6277782320976257,1.929631233215332,0.6277782320976257
70.0,0.6981486678123474,1.929631233215332,0.6981486678123474
80.0,0.6911116242408752,1.9366682767868042,0.6911116242408752
90.0,0.7474079728126526,1.9366682767868042,0.7474079728126526
