cloud_cover,lr_min,lr_max,lr_avg
50.0,1.0341665744781494,1.9050023555755615,1.0341665744781494
60.0,0.7113040089607239,1.9256484508514404,0.7113040089607239
70.0,0.8847817778587341,1.9256484508514404,0.8847817778587341
80.0,0.9013034701347351,1.933909296989441,0.9013034701347351
90.0,0.9178251624107361,1.933909296989441,0.9178251624107361
