cloud_cover,lr_min,lr_max,lr_avg
10.0,1.1555562019348145,1.9188026189804077,1.1555562019348145
20.0,1.3304767608642578,1.909524917602539,1.3304767608642578
30.0,1.3527483940124512,1.895606279373169,1.3527483940124512
40.0,1.3666672706604004,1.8782060146331787,1.3666672706604004
50.0,1.317188024520874,1.8515634536743164,1.317188024520874
60.0,1.1242189407348633,1.9109351634979248,1.1242189407348633
70.0,0.9906255602836609,1.9109351634979248,0.9906255602836609
80.0,1.020313024520874,1.9109351634979248,1.020313024520874
90.0,1.3023433685302734,1.9109351634979248,1.3023433685302734
