cloud_cover,lr_min,lr_max,lr_avg
10.0,0.5772656798362732,1.2085803747177124,0.5772656798362732
20.0,0.610090970993042,1.1646902561187744,0.610090970993042
30.0,0.49979227781295776,1.0658354759216309,0.49979227781295776
40.0,0.6401952505111694,1.4039239883422852,0.6401952505111694
50.0,0.7520720362663269,1.3254460096359253,0.7520720362663269
60.0,0.4837844967842102,1.1486518383026123,0.4837844967842102
70.0,0.5000007748603821,1.0486514568328857,0.5000007748603821
80.0,0.5432441830635071,0.8513534665107727,0.5432441830635071
90.0,0.47297364473342896,1.1243274211883545,0.47297364473342896
