cloud_cover,lr_min,lr_max,lr_avg
10.0,0.9007663130760193,1.6432898044586182,0.9007663130760193
20.0,1.0129857063293457,1.4324649572372437,1.0129857063293457
30.0,1.1158404350280762,1.7930703163146973,1.1158404350280762
40.0,1.0554901361465454,1.7803438901901245,1.0554901361465454
50.0,1.1819442510604858,1.8812496662139893,1.1819442510604858
60.0,0.8850693106651306,1.7822984457015991,0.8850693106651306
70.0,0.7795137763023376,1.7097283601760864,0.7795137763023376
80.0,0.8652776479721069,1.584380030632019,0.8652776479721069
90.0,0.6475693583488464,0.9378470778465271,0.6475693583488464
