cloud_cover,lr_min,lr_max,lr_avg
10.0,0.5852302312850952,1.6375359296798706,0.5852302312850952
20.0,0.8124998807907104,1.9010494947433472,0.8124998807907104
30.0,0.9629489779472351,1.9242974519729614,0.9629489779472351
40.0,0.7570098042488098,1.920090913772583,0.7570098042488098
50.0,0.9432591795921326,1.9146043062210083,0.9432591795921326
60.0,0.6097556948661804,1.757988691329956,0.6097556948661804
70.0,0.5840103626251221,1.9330549240112305,0.5840103626251221
80.0,0.7487804889678955,1.953650951385498,0.7487804889678955
90.0,0.7281842231750488,1.8815648555755615,0.7281842231750488
