cloud_cover,lr_min,lr_max,lr_avg
10.0,1.0868213176727295,1.9116265773773193,1.0868213176727295
20.0,1.0920356512069702,1.9159271717071533,1.0920356512069702
30.0,1.294845700263977,1.9020624160766602,1.294845700263977
40.0,1.5308650732040405,1.9061740636825562,1.5308650732040405
50.0,1.5907682180404663,1.8830753564834595,1.5907682180404663
60.0,1.0176862478256226,1.909521460533142,1.0176862478256226
70.0,1.1986383199691772,1.922446608543396,1.1986383199691772
80.0,1.2115634679794312,1.922446608543396,1.2115634679794312
90.0,1.0047610998153687,1.922446608543396,1.0047610998153687
