cloud_cover,lr_min,lr_max,lr_avg
10.0,0.7799993753433228,1.433332085609436,0.7799993753433228
20.0,0.843478798866272,1.354148268699646,0.843478798866272
30.0,0.9558568596839905,1.9144104719161987,0.9558568596839905
40.0,1.0302095413208008,1.8713526725769043,1.0302095413208008
50.0,0.926086962223053,1.8111801147460938,0.926086962223053
60.0,0.7292985320091248,1.1226099729537964,0.7292985320091248
70.0,0.7474513649940491,1.5340741872787476,0.7474513649940491
80.0,0.6506362557411194,1.2920364141464233,0.6506362557411194
90.0,0.6808909773826599,1.6671949625015259,0.6808909773826599
