cloud_cover,lr_min,lr_max,lr_avg
10.0,0.5681153535842896,1.0362299680709839,0.5681153535842896
20.0,0.4494245946407318,1.201312780380249,0.4494245946407318
30.0,0.5588672161102295,1.265092372894287,0.5588672161102295
40.0,0.56769198179245,1.1314287185668945,0.56769198179245
50.0,0.6591147184371948,1.5843721628189087,0.6591147184371948
60.0,0.47950389981269836,0.9160623550415039,0.47950389981269836
70.0,0.4348563849925995,1.0326426029205322,0.4348563849925995
80.0,0.4671018123626709,1.0797699689865112,0.4671018123626709
90.0,0.5067885518074036,1.1864266395568848,0.5067885518074036
