cloud_cover,lr_min,lr_max,lr_avg
10.0,0.44359588623046875,1.9856586456298828,0.44359588623046875
20.0,0.49104043841362,1.9839106798171997,0.49104043841362
30.0,0.47736015915870667,1.9789029359817505,0.47736015915870667
40.0,0.5579801797866821,1.9783257246017456,0.5579801797866821
50.0,0.5591350197792053,1.970133662223816,0.5591350197792053
60.0,0.4535742700099945,1.988862156867981,0.4535742700099945
70.0,0.36797210574150085,1.9851402044296265,0.36797210574150085
80.0,0.41263410449028015,1.9851402044296265,0.41263410449028015
90.0,0.3400583565235138,1.9851402044296265,0.3400583565235138
