cloud_cover,lr_min,lr_max,lr_avg
10.0,0.4588572084903717,1.0180121660232544,0.4588572084903717
20.0,0.6522166728973389,1.0110033750534058,0.6522166728973389
30.0,0.6097549200057983,1.0410854816436768,0.6097549200057983
40.0,0.539738655090332,1.2076444625854492,0.539738655090332
50.0,0.5713187456130981,0.8069783449172974,0.5713187456130981
60.0,0.5266855359077454,0.968426525592804,0.5266855359077454
70.0,0.5216657519340515,0.9383078217506409,0.5216657519340515
80.0,0.5317053198814392,1.0186247825622559,0.5317053198814392
90.0,0.4990766942501068,0.6346108913421631,0.4990766942501068
