cloud_cover,lr_min,lr_max,lr_avg
10.0,0.6060291528701782,1.4987400770187378,0.6060291528701782
20.0,0.791878342628479,1.4997198581695557,0.791878342628479
30.0,0.8057149052619934,1.3968265056610107,0.8057149052619934
40.0,0.7333338856697083,1.7818533182144165,0.7333338856697083
50.0,0.9022218585014343,1.780442476272583,0.9022218585014343
60.0,0.7189058661460876,1.303187608718872,0.7189058661460876
70.0,0.662641704082489,1.2945315837860107,0.662641704082489
80.0,0.6929377913475037,1.3767638206481934,0.6929377913475037
90.0,0.5717534422874451,1.1690192222595215,0.5717534422874451
