cloud_cover,lr_min,lr_max,lr_avg
10.0,1.020768404006958,1.8538471460342407,1.020768404006958
20.0,1.1243480443954468,1.8843458890914917,1.1243480443954468
30.0,1.3090900182724,1.9040377140045166,1.3090900182724
40.0,1.3590359687805176,1.8855409622192383,1.3590359687805176
50.0,1.1058822870254517,1.8602954149246216,1.1058822870254517
60.0,0.8600005507469177,1.9049975872039795,0.8600005507469177
70.0,1.0635719299316406,1.877854824066162,1.0635719299316406
80.0,0.9278577566146851,1.9049975872039795,0.9278577566146851
90.0,1.1042860746383667,1.877854824066162,1.1042860746383667
