cloud_cover,lr_min,lr_max,lr_avg
10.0,0.5335386395454407,1.135838270187378,0.5335386395454407
20.0,0.6512969732284546,1.0647690296173096,0.6512969732284546
30.0,0.5797208547592163,1.100993275642395,0.5797208547592163
40.0,0.7437645196914673,1.2399996519088745,0.7437645196914673
50.0,0.7953894138336182,1.3265149593353271,0.7953894138336182
60.0,0.46315741539001465,0.9657934904098511,0.46315741539001465
70.0,0.49736788868904114,0.9394774436950684,0.49736788868904114
80.0,0.4710521399974823,0.7684231400489807,0.4710521399974823
90.0,0.5342103242874146,0.9447406530380249,0.5342103242874146
