cloud_cover,training_time
10.0,4.158003294467926
20.0,4.3904388825098675
30.0,2.979583497842153
40.0,3.09014884630839
50.0,2.5545021057128907
60.0,4.69380373954773
70.0,6.048448769251506
80.0,3.135831928253174
90.0,4.201411358515421
