cloud_cover,training_time
10.0,1.9243778745333353
30.0,1.7075379212697346
50.0,1.6099536101023357
70.0,0.9193536122639974
90.0,0.42403252522150675
