cloud_cover,training_time
10.0,2.7680220444997152
30.0,1.5274896502494812
50.0,1.1723079840342203
70.0,1.2689155300458272
90.0,0.4812137524286906
