cloud_cover,training_time
10.0,3.0061192671457926
20.0,1.5052942832310996
30.0,1.3375482201576232
40.0,1.1424141764640807
50.0,1.0702290137608845
60.0,3.3688647905985514
70.0,3.3836973905563354
80.0,3.022294290860494
90.0,3.0730420072873432
