cloud_cover,training_time
10.0,1.8514225085576377
30.0,1.203339970111847
50.0,0.9164815187454224
70.0,0.7953825712203979
90.0,0.30495094458262123
