cloud_cover,training_time
10.0,2.567431135972341
30.0,2.5864043474197387
50.0,1.8526174505551656
70.0,0.9011944651603698
90.0,0.7936680674552917
