cloud_cover,training_time
10.0,1.1210209528605144
20.0,0.9540452480316162
30.0,0.7894995848337809
40.0,1.1071181495984395
50.0,0.7484147946039835
60.0,1.169339942932129
70.0,1.3362568259239196
80.0,1.0935882846514384
90.0,1.4561286171277363
