cloud_cover,training_time
10.0,0.5787423094113667
20.0,0.39707008202870686
30.0,0.394339640935262
40.0,0.3849031329154968
50.0,0.26226330995559693
60.0,0.3689614693323771
70.0,0.4153038342793783
80.0,0.6492238680521647
90.0,0.680491324265798
