cloud_cover,training_time
10.0,0.9799600640932719
30.0,0.7937692920366923
50.0,0.41790353854497275
70.0,0.3630488634109497
90.0,0.14591595729192097
