cloud_cover,training_time
10.0,0.8919999718666076
30.0,0.6848609566688537
50.0,0.7064423521359762
70.0,0.3476154446601868
90.0,0.4156383514404297
