cloud_cover,training_time
10.0,1.6110479354858398
20.0,1.0198622862497966
30.0,0.9372004310290019
40.0,0.8610609173774719
50.0,0.8229072531064351
60.0,1.3031378070513409
70.0,1.2242004593213398
80.0,1.2474035541216533
90.0,1.2864851355552673
