cloud_cover,training_time
10.0,1.4500056783358257
30.0,1.4162123839060465
50.0,0.8726285894711813
70.0,0.5625914812088013
90.0,0.34148557980855304
