cloud_cover,training_time
10.0,1.9920928200085957
20.0,0.8996721903483073
30.0,0.9966137250264485
40.0,0.8725730141003927
50.0,0.8950758218765259
60.0,1.911436422665914
70.0,1.0173172354698181
80.0,1.2958853443463643
90.0,0.910274080435435
