cloud_cover,training_time
10.0,12.687766520182292
30.0,7.175979646046956
50.0,5.757837426662445
70.0,4.767674640814463
90.0,1.1008487383524577
