cloud_cover,training_time
10.0,4.2423322002093
20.0,2.234494988123576
30.0,2.633691966533661
40.0,2.5121549208958944
50.0,1.4931230386098227
60.0,2.8233681877454124
70.0,3.788854157924652
80.0,6.108322608470917
90.0,4.098046910762787
