cloud_cover,training_time
10.0,8.362039764722189
30.0,6.531261006991069
50.0,3.6570452451705933
70.0,2.2965666691462197
90.0,1.0628536939620972
