cloud_cover,training_time
10.0,3.0249784787495932
20.0,1.5146271864573162
30.0,1.4503611167271933
40.0,2.2602948904037476
50.0,1.0728142937024434
60.0,3.042077342669169
70.0,2.971008002758026
80.0,2.5425588647524515
90.0,2.7711576739947
