cloud_cover,lr_min,lr_max,lr_avg
50.0,0.255914568901062,0.3771212697029114,0.255914568901062
