cloud_cover,lr_min,lr_max,lr_avg
50.0,0.21793948113918304,0.3254859745502472,0.21793948113918304
