cloud_cover,lr_min,lr_max,lr_avg
50.0,0.24845276772975922,0.48298752307891846,0.24845276772975922
