cloud_cover,lr_min,lr_max,lr_avg
50.0,0.5775944590568542,1.9757843017578125,0.5775944590568542
