cloud_cover,lr_min,lr_max,lr_avg
50.0,0.29278162121772766,0.49574506282806396,0.29278162121772766
