cloud_cover,lr_min,lr_max,lr_avg
50.0,0.3821774423122406,0.9521756768226624,0.3821774423122406
