cloud_cover,lr_min,lr_max,lr_avg
50.0,0.26198384165763855,0.5694200396537781,0.26198384165763855
