cloud_cover,lr_min,lr_max,lr_avg
50.0,0.3721364736557007,0.6195344924926758,0.3721364736557007
