cloud_cover,lr_min,lr_max,lr_avg
50.0,0.24142110347747803,1.9966799020767212,0.24142110347747803
