cloud_cover,lr_min,lr_max,lr_avg
50.0,0.3727797269821167,0.8076094388961792,0.3727797269821167
