cloud_cover,lr_min,lr_max,lr_avg
50.0,0.6175870299339294,1.5053480863571167,0.6175870299339294
