cloud_cover,lr_min,lr_max,lr_avg
50.0,0.2450685054063797,0.3458441495895386,0.2450685054063797
