cloud_cover,training_time
10.0,8.017194588979086
20.0,6.250945214430491
30.0,8.915169739723206
40.0,4.684847354888916
50.0,4.917054394880931
60.0,8.53650255203247
70.0,7.702675620714824
80.0,8.014446496963501
90.0,8.7007226506869
