cloud_cover,training_time
10.0,2.8808537324269614
30.0,2.503651014963786
50.0,1.845599909623464
70.0,1.354216965039571
90.0,0.3671696742375692
