cloud_cover,lr_min,lr_max,lr_avg
40.0,1.3101413249969482,1.8342740535736084,1.3101413249969482
