cloud_cover,lr_min,lr_max,lr_avg
40.0,1.430963158607483,1.9035499095916748,1.430963158607483
