cloud_cover,lr_min,lr_max,lr_avg
40.0,1.3262157440185547,1.6861326694488525,1.3262157440185547
