cloud_cover,lr_min,lr_max,lr_avg
40.0,1.2794289588928223,1.751875400543213,1.2794289588928223
