cloud_cover,lr_min,lr_max,lr_avg
40.0,1.2961698770523071,1.7885125875473022,1.2961698770523071
