cloud_cover,lr_min,lr_max,lr_avg
40.0,1.3333921432495117,1.8395817279815674,1.3333921432495117
