cloud_cover,lr_min,lr_max,lr_avg
40.0,1.4670723676681519,1.8609744310379028,1.4670723676681519
