cloud_cover,lr_min,lr_max,lr_avg
40.0,1.4356434345245361,1.8965359926223755,1.4356434345245361
