cloud_cover,lr_min,lr_max,lr_avg
40.0,1.3741722106933594,1.88294517993927,1.3741722106933594
