cloud_cover,lr_min,lr_max,lr_avg
40.0,1.3248920440673828,1.8059502840042114,1.3248920440673828
