cloud_cover,lr_min,lr_max,lr_avg
40.0,1.447271704673767,1.8963621854782104,1.447271704673767
