cloud_cover,lr_min,lr_max,lr_avg
40.0,1.449999213218689,1.8499988317489624,1.449999213218689
