cloud_cover,lr_min,lr_max,lr_avg
40.0,1.454023003578186,1.9017254114151,1.454023003578186
