cloud_cover,lr_min,lr_max,lr_avg
40.0,1.4312909841537476,1.8836711645126343,1.4312909841537476
