cloud_cover,lr_min,lr_max,lr_avg
40.0,1.361301064491272,1.876559853553772,1.361301064491272
