cloud_cover,lr_min,lr_max,lr_avg
40.0,1.4236940145492554,1.9009437561035156,1.4236940145492554
