cloud_cover,lr_min,lr_max,lr_avg
40.0,1.365241527557373,1.8764491081237793,1.365241527557373
