cloud_cover,lr_min,lr_max,lr_avg
40.0,1.3494871854782104,1.8872805833816528,1.3494871854782104
