cloud_cover,lr_min,lr_max,lr_avg
40.0,1.4359347820281982,1.90351140499115,1.4359347820281982
