cloud_cover,lr_min,lr_max,lr_avg
40.0,1.3252698183059692,1.8220006227493286,1.3252698183059692
