cloud_cover,lr_min,lr_max,lr_avg
40.0,1.4476746320724487,1.8674427270889282,1.4476746320724487
