cloud_cover,lr_min,lr_max,lr_avg
40.0,1.3480761051177979,1.8327231407165527,1.3480761051177979
