cloud_cover,training_time
10.0,0.41663530667622883
30.0,0.3320062319437663
50.0,0.5184505303700765
70.0,0.129156756401062
90.0,0.09504475593566894
