cloud_cover,training_time
10.0,1.830798061688741
20.0,0.6099326690038045
30.0,0.6774277369181315
40.0,0.6562964598337809
50.0,0.3866720755894979
60.0,0.7758201042811076
70.0,0.7440470337867737
80.0,0.7259998122851054
90.0,0.7186115026473999
