cloud_cover,training_time
10.0,1.7920839071273804
30.0,1.3942749540011088
50.0,1.3162980159123738
70.0,1.0650749286015828
90.0,0.37848400274912514
