cloud_cover,training_time
10.0,2.4123867670694987
20.0,1.2737318952878316
30.0,1.2126993179321288
40.0,0.9955214341481526
50.0,0.8356038689613342
60.0,1.6068875908851623
70.0,1.8473629633585613
80.0,1.7163455923398336
90.0,2.001687781016032
