cloud_cover,training_time
10.0,2.3418303092320762
30.0,1.8152350982030234
50.0,1.395544453461965
70.0,0.8331684311230977
90.0,0.37065213123957313
