cloud_cover,training_time
10.0,1.3191466848055522
20.0,1.6582146366437276
30.0,1.4586596926053366
40.0,1.0729692300160727
50.0,1.1025211493174234
60.0,1.6288486480712892
70.0,2.1760966062545775
80.0,1.886427084604899
90.0,2.894935727119446
