cloud_cover,training_time
10.0,1.7289751807848612
20.0,1.6977050026257832
30.0,1.7276370247205097
40.0,1.5915753046671548
50.0,1.114495619138082
60.0,3.519274906317393
70.0,1.9319680372873942
80.0,3.0465492884318035
90.0,1.966460919380188
