cloud_cover,training_time
10.0,3.1249375780423483
30.0,2.6342927614847818
50.0,1.8931653181711834
70.0,1.1369666695594787
90.0,0.6872254729270935
