cloud_cover,training_time
10.0,0.6487684845924377
20.0,0.46428796847661336
30.0,0.45516661802927655
40.0,0.3643535812695821
50.0,0.4616406242052714
60.0,0.5418778896331787
70.0,0.6124160726865132
80.0,0.8880478342374166
90.0,0.5913459817568462
