cloud_cover,training_time
10.0,0.9317244092623392
30.0,0.8856239716211954
50.0,0.7811056097348531
70.0,0.5104712645212809
90.0,0.22650202910105388
