cloud_cover,training_time
10.0,0.3334001580874125
30.0,0.4558874686559041
50.0,0.6207103252410888
70.0,0.8883755922317504
90.0,1.1294538497924804
