cloud_cover,training_time
10.0,1.7798232873280844
20.0,0.9960241953531901
30.0,1.3177654902140299
40.0,1.287768562634786
50.0,0.6849393010139465
60.0,1.1649052659670511
70.0,1.154155965646108
80.0,1.175187587738037
90.0,1.1682899912198383
