cloud_cover,training_time
10.0,1.657894774278005
20.0,0.7580666104952495
30.0,1.2328251163164774
40.0,0.5914386113484701
50.0,0.5084633509318034
60.0,0.8493575056393942
70.0,1.2939287662506103
80.0,0.9249157110850016
90.0,0.8936808745066325
