cloud_cover,training_time
10.0,3.0165875951449075
30.0,4.614576947689057
50.0,3.530817929903666
70.0,2.7243984977404274
90.0,0.7275820056597392
