cloud_cover,training_time
10.0,4.961250988642375
20.0,3.8828325470288596
30.0,3.4137455662091574
40.0,2.5343295017878216
50.0,2.6613709648450214
60.0,5.558861597379049
70.0,4.1957128604253136
80.0,3.383146397272746
90.0,3.265289676189423
