cloud_cover,lr_min,lr_max,lr_avg
10.0,0.5674835443496704,1.1470547914505005,0.5674835443496704
20.0,0.6358963847160339,1.0895781517028809,0.6358963847160339
30.0,0.6521649360656738,1.1700361967086792,0.6521649360656738
40.0,0.4815894365310669,0.7399587631225586,0.4815894365310669
50.0,0.6795011758804321,1.3017529249191284,0.6795011758804321
60.0,0.45084473490715027,0.7176837921142578,0.45084473490715027
70.0,0.4730813205242157,0.7621569633483887,0.4730813205242157
80.0,0.45578619837760925,1.0462911128997803,0.45578619837760925
90.0,0.5002593994140625,0.8856935501098633,0.5002593994140625
