cloud_cover,lr_min,lr_max,lr_avg
10.0,0.7003471255302429,1.7493120431900024,0.7003471255302429
20.0,0.7333329319953918,1.7717100381851196,0.7333329319953918
30.0,0.9070788025856018,1.604868769645691,0.9070788025856018
40.0,0.9128868579864502,1.5494816303253174,0.9128868579864502
50.0,0.9074991941452026,1.8337513208389282,0.9074991941452026
60.0,0.9066023230552673,1.593713641166687,0.9066023230552673
70.0,0.5720118880271912,1.3547180891036987,0.5720118880271912
80.0,0.8408792018890381,1.5399396419525146,0.8408792018890381
90.0,0.6616343259811401,1.2710696458816528,0.6616343259811401
