cloud_cover,lr_min,lr_max,lr_avg
10.0,0.5356517434120178,1.0162737369537354,0.5356517434120178
20.0,0.578126072883606,0.8375020623207092,0.578126072883606
30.0,0.6194744110107422,1.0286489725112915,0.6194744110107422
40.0,0.6712409257888794,1.1638323068618774,0.6712409257888794
50.0,0.6955952048301697,1.3797909021377563,0.6955952048301697
60.0,0.5386579036712646,1.0232269763946533,0.5386579036712646
70.0,0.5004024505615234,1.015575885772705,0.5004024505615234
80.0,0.5106039047241211,0.8319497108459473,0.5106039047241211
90.0,0.4646977484226227,1.046180248260498,0.4646977484226227
