cloud_cover,lr_min,lr_max,lr_avg
10.0,0.49792802333831787,1.0882607698440552,0.49792802333831787
20.0,0.4398972988128662,0.84581458568573,0.4398972988128662
30.0,0.4816827178001404,1.0598198175430298,0.4816827178001404
40.0,0.49310392141342163,0.9451741576194763,0.49310392141342163
50.0,0.6277782320976257,1.112552285194397,0.6277782320976257
60.0,0.3748418986797333,0.9205465316772461,0.3748418986797333
70.0,0.42264029383659363,0.8110069036483765,0.42264029383659363
80.0,0.38280829787254333,0.8727474212646484,0.38280829787254333
90.0,0.46844708919525146,1.0141531229019165,0.46844708919525146
