cloud_cover,lr_min,lr_max,lr_avg
10.0,0.5066594481468201,0.8545754551887512,0.5066594481468201
20.0,0.49310439825057983,0.8433712720870972,0.49310439825057983
30.0,0.5571436882019043,1.145713210105896,0.5571436882019043
40.0,0.619088351726532,1.214708924293518,0.619088351726532
50.0,0.7213821411132812,1.2033523321151733,0.7213821411132812
60.0,0.40678203105926514,0.8833169341087341,0.40678203105926514
70.0,0.41496288776397705,0.9037690758705139,0.41496288776397705
80.0,0.43336981534957886,0.7871918678283691,0.43336981534957886
90.0,0.4885905981063843,0.8444578647613525,0.4885905981063843
