cloud_cover,lr_min,lr_max,lr_avg
10.0,0.48825034499168396,1.1021686792373657,0.48825034499168396
20.0,0.46906578540802,1.1962636709213257,0.46906578540802
30.0,0.4868628680706024,1.15763521194458,0.4868628680706024
40.0,0.48072564601898193,1.1587772369384766,0.48072564601898193
50.0,0.5294527411460876,1.2018282413482666,0.5294527411460876
60.0,0.4191833734512329,0.9410853981971741,0.4191833734512329
70.0,0.3587973117828369,0.8073752522468567,0.3587973117828369
80.0,0.3889903426170349,0.7620863318443298,0.3889903426170349
90.0,0.36526724696159363,0.8979530930519104,0.36526724696159363
