cloud_cover,lr_min,lr_max,lr_avg
10.0,0.6150188446044922,1.223990559577942,0.6150188446044922
20.0,0.6181820034980774,0.9165292382240295,0.6181820034980774
30.0,0.7318402528762817,1.27853524684906,0.7318402528762817
40.0,0.7837904691696167,1.3579678535461426,0.7837904691696167
50.0,0.7857614755630493,1.3834434747695923,0.7857614755630493
60.0,0.5033165812492371,0.7932030558586121,0.5033165812492371
70.0,0.5285241007804871,1.016919732093811,0.5285241007804871
80.0,0.5379769206047058,1.205976128578186,0.5379769206047058
90.0,0.6072975993156433,1.1870704889297485,0.6072975993156433
