cloud_cover,lr_min,lr_max,lr_avg
10.0,0.9844821691513062,1.9017261266708374,0.9844821691513062
20.0,1.250961184501648,1.9086517095565796,1.250961184501648
30.0,1.2065943479537964,1.895606279373169,1.2065943479537964
40.0,1.216249704360962,1.8812482357025146,1.216249704360962
50.0,1.4217395782470703,1.8623199462890625,1.4217395782470703
60.0,1.3023433685302734,1.925778865814209,1.3023433685302734
70.0,0.946094274520874,1.8960914611816406,0.946094274520874
80.0,1.257812261581421,1.9109351634979248,1.257812261581421
90.0,1.2132811546325684,1.925778865814209,1.2132811546325684
