cloud_cover,lr_min,lr_max,lr_avg
10.0,0.8900977969169617,1.9247539043426514,0.8900977969169617
20.0,0.7831465005874634,1.9039301872253418,0.7831465005874634
30.0,1.2277411222457886,1.9264501333236694,1.2277411222457886
40.0,1.0499992370605469,1.9136347770690918,1.0499992370605469
50.0,1.1441450119018555,1.9144164323806763,1.1441450119018555
60.0,0.7360865473747253,1.933909296989441,0.7360865473747253
70.0,0.7360865473747253,1.91738760471344,0.7360865473747253
80.0,0.8682600855827332,1.933909296989441,0.8682600855827332
90.0,0.6534780859947205,1.9256484508514404,0.6534780859947205
