cloud_cover,lr_min,lr_max,lr_avg
10.0,1.3519372940063477,1.926355242729187,1.3519372940063477
20.0,1.1256638765335083,1.8991130590438843,1.1256638765335083
30.0,1.185714602470398,1.8836725950241089,1.185714602470398
40.0,1.1759037971496582,1.8626494407653809,1.1759037971496582
50.0,1.3573533296585083,1.8602954149246216,1.3573533296585083
60.0,0.9401353597640991,1.922446608543396,0.9401353597640991
70.0,1.095237135887146,1.909521460533142,1.095237135887146
80.0,1.1598628759384155,1.909521460533142,1.1598628759384155
90.0,0.8755096197128296,1.8965963125228882,0.8755096197128296
