cloud_cover,lr_min,lr_max,lr_avg
10.0,0.6329264044761658,1.2875019311904907,0.6329264044761658
20.0,0.8337936401367188,1.9344863891601562,0.8337936401367188
30.0,0.9411073327064514,1.924895167350769,0.9411073327064514
40.0,0.9708322882652283,1.929632544517517,0.9708322882652283
50.0,0.9539333581924438,1.8185372352600098,0.9539333581924438
60.0,0.6252028942108154,1.6910516023635864,0.6252028942108154
70.0,0.6149047613143921,1.9485019445419312,0.6149047613143921
80.0,0.553115963935852,1.6035184860229492,0.553115963935852
90.0,0.7075879573822021,1.8300747871398926,0.7075879573822021
