cloud_cover,lr_min,lr_max,lr_avg
10.0,0.515433132648468,0.7475886940956116,0.515433132648468
20.0,0.5638324022293091,0.8593103885650635,0.5638324022293091
30.0,0.6891171932220459,1.2119109630584717,0.6891171932220459
40.0,0.7033162117004395,1.4777277708053589,0.7033162117004395
50.0,0.551116943359375,1.5860387086868286,0.551116943359375
60.0,0.421622097492218,1.0729758739471436,0.421622097492218
70.0,0.5459468960762024,1.0756785869598389,0.5459468960762024
80.0,0.47297364473342896,0.7837856411933899,0.47297364473342896
90.0,0.594595730304718,1.0459487438201904,0.594595730304718
