cloud_cover,lr_min,lr_max,lr_avg
10.0,0.979216456413269,1.8658782243728638,0.979216456413269
20.0,0.9802739024162292,1.721102237701416,0.9802739024162292
30.0,1.107104778289795,1.9065598249435425,1.107104778289795
40.0,1.1456384658813477,1.8979886770248413,1.1456384658813477
50.0,1.2692312002182007,1.9025633335113525,1.2692312002182007
60.0,0.7003471255302429,1.5579909086227417,0.7003471255302429
70.0,0.9576387405395508,1.8218821287155151,0.9576387405395508
80.0,0.8652776479721069,1.6173664331436157,0.8652776479721069
90.0,0.9312498569488525,1.6503528356552124,0.9312498569488525
