cloud_cover,lr_min,lr_max,lr_avg
10.0,0.8037043213844299,1.929631233215332,0.8037043213844299
20.0,0.8179720640182495,1.9299578666687012,0.8179720640182495
30.0,0.826178789138794,1.9204211235046387,0.826178789138794
40.0,0.9920725226402283,1.918900966644287,0.9920725226402283
50.0,1.0639715194702148,1.9022083282470703,1.0639715194702148
60.0,0.8318524956703186,1.9437053203582764,0.8318524956703186
70.0,0.7333338856697083,1.9366682767868042,0.7333338856697083
80.0,0.7825931906700134,1.9366682767868042,0.7825931906700134
90.0,0.6981486678123474,1.929631233215332,0.6981486678123474
