cloud_cover,lr_min,lr_max,lr_avg
10.0,0.5620158910751343,1.2263357639312744,0.5620158910751343
20.0,0.5472409725189209,1.1425342559814453,0.5472409725189209
30.0,0.4460972249507904,0.954644501209259,0.4460972249507904
40.0,0.5967313051223755,1.2300630807876587,0.5967313051223755
50.0,0.7068070769309998,1.6816693544387817,0.7068070769309998
60.0,0.5547215938568115,1.2970304489135742,0.5547215938568115
70.0,0.4195338785648346,0.9037542343139648,0.4195338785648346
80.0,0.45886102318763733,0.8791744709014893,0.45886102318763733
90.0,0.5719274282455444,1.3166942596435547,0.5719274282455444
