cloud_cover,lr_min,lr_max,lr_avg
10.0,0.4447018504142761,1.1148033142089844,0.4447018504142761
20.0,0.5742195248603821,1.3136265277862549,0.5742195248603821
30.0,0.5214284062385559,1.0535736083984375,0.5214284062385559
40.0,0.5098034143447876,1.449452519416809,0.5098034143447876
50.0,0.6759061217308044,1.6997385025024414,0.6759061217308044
60.0,0.5117494463920593,1.2112305164337158,0.5117494463920593
70.0,0.44725847244262695,0.7498723864555359,0.44725847244262695
80.0,0.3852480351924896,0.7994813323020935,0.3852480351924896
90.0,0.4695822298526764,1.2013089656829834,0.4695822298526764
