cloud_cover,lr_min,lr_max,lr_avg
10.0,0.36272138357162476,1.9831929206848145,0.36272138357162476
20.0,0.500252902507782,1.983108401298523,0.500252902507782
30.0,0.5013281106948853,1.9803663492202759,0.5013281106948853
40.0,0.5303139090538025,1.9735107421875,0.5303139090538025
50.0,0.6405531167984009,1.9717531204223633,0.6405531167984009
60.0,0.4405478537082672,1.988862156867981,0.4405478537082672
70.0,0.4535742700099945,1.9870011806488037,0.4535742700099945
80.0,0.4405478537082672,1.9870011806488037,0.4405478537082672
90.0,0.423799604177475,1.9870011806488037,0.423799604177475
