cloud_cover,lr_min,lr_max,lr_avg
10.0,0.8522171974182129,1.5006799697875977,0.8522171974182129
20.0,0.9030173420906067,1.519623041152954,0.9030173420906067
30.0,0.9165968298912048,1.765535593032837,0.9165968298912048
40.0,1.0779399871826172,1.6460758447647095,1.0779399871826172
50.0,1.0120007991790771,1.6091415882110596,1.0120007991790771
60.0,0.8624193072319031,1.3525458574295044,0.8624193072319031
70.0,0.7111456990242004,1.3101892471313477,0.7111456990242004
80.0,0.7595532536506653,1.6006345748901367,0.7595532536506653
90.0,0.7353494763374329,1.3706986904144287,0.7353494763374329
