cloud_cover,lr_min,lr_max,lr_avg
10.0,0.7027912735939026,1.493656873703003,0.7027912735939026
20.0,0.7778083682060242,1.5410139560699463,0.7778083682060242
30.0,0.7273021340370178,1.541588544845581,0.7273021340370178
40.0,0.9843626618385315,1.7305487394332886,0.9843626618385315
50.0,0.8388887047767639,1.504703164100647,0.8388887047767639
60.0,0.7708420157432556,1.342139720916748,0.7708420157432556
70.0,0.5630974173545837,1.316171646118164,0.5630974173545837
80.0,0.701593816280365,1.2036433219909668,0.701593816280365
90.0,0.7102498412132263,1.368107795715332,0.7102498412132263
