cloud_cover,lr_min,lr_max,lr_avg
10.0,0.44418224692344666,0.8303414583206177,0.44418224692344666
20.0,0.5352843403816223,1.0086997747421265,0.5352843403816223
30.0,0.600576639175415,1.0244206190109253,0.600576639175415
40.0,0.6832947731018066,1.2065420150756836,0.6832947731018066
50.0,0.6450825929641724,1.454914927482605,0.6450825929641724
60.0,0.4488782584667206,0.7073977589607239,0.4488782584667206
70.0,0.48652708530426025,0.9383078217506409,0.48652708530426025
80.0,0.5241756439208984,1.0487442016601562,0.5241756439208984
90.0,0.5241756439208984,1.0110949277877808,0.5241756439208984
