cloud_cover,lr_min,lr_max,lr_avg
10.0,1.1792006492614746,1.8632014989852905,1.1792006492614746
20.0,1.267889380455017,1.912841558456421,1.267889380455017
30.0,1.2849456071853638,1.8978482484817505,1.2849456071853638
40.0,1.263749599456787,1.8812482357025146,1.263749599456787
50.0,1.4044780731201172,1.8582096099853516,1.4044780731201172
60.0,1.226428508758545,1.9185689687728882,1.226428508758545
70.0,0.9821435213088989,1.8642834424972534,0.9821435213088989
80.0,1.226428508758545,1.877854824066162,1.226428508758545
90.0,1.0092864036560059,1.9185689687728882,1.0092864036560059
