cloud_cover,lr_min,lr_max,lr_avg
10.0,0.5254597067832947,0.8868119120597839,0.5254597067832947
20.0,0.49965566396713257,0.712587296962738,0.49965566396713257
30.0,0.6476466059684753,1.19156813621521,0.6476466059684753
40.0,0.5630974173545837,1.35512375831604,0.5630974173545837
50.0,0.7470268607139587,1.5121655464172363,0.7470268607139587
60.0,0.5052626729011536,0.7184226512908936,0.5052626729011536
70.0,0.4526311159133911,1.0605298280715942,0.4526311159133911
80.0,0.5473683476448059,1.0157935619354248,0.5473683476448059
90.0,0.5236839056015015,0.7578967213630676,0.5236839056015015
