cloud_cover,training_time
10.0,0.3257128675778707
30.0,0.2850519021352132
50.0,0.16183956464131674
70.0,0.17136929035186768
90.0,0.1293598214785258
