cloud_cover,training_time
10.0,0.5478633085886637
20.0,0.7993162393569946
30.0,0.39220166206359863
40.0,0.3737687826156616
50.0,0.4628639221191406
60.0,0.7160251617431641
70.0,0.5793523192405701
80.0,0.841902486483256
90.0,0.5254512548446655
