cloud_cover,training_time
10.0,2.610906990369161
20.0,7.367075037956238
30.0,4.264100873470307
40.0,4.3790124694506325
50.0,4.689275674025218
60.0,6.43799904982249
70.0,7.169634481271108
80.0,9.07899914185206
90.0,13.024723823865255
