cloud_cover,training_time
10.0,2.0335365692774454
30.0,1.5295121828715006
50.0,1.6869482199350991
70.0,0.5126912156740825
90.0,0.2325623631477356
