cloud_cover,training_time
10.0,0.34682867924372357
30.0,1.5719641009966532
50.0,2.1346667130788166
70.0,2.753191026051839
90.0,6.524523063500722
