cloud_cover,training_time
10.0,16.60461455186208
20.0,23.601041042804717
30.0,11.754796930154164
40.0,12.781529951095582
50.0,13.226246011257171
60.0,27.408218630154927
70.0,27.74037574927012
80.0,38.39678371349971
90.0,30.454296779632568
