cloud_cover,training_time
10.0,3.396614960829417
20.0,1.889986232916514
30.0,2.4911070664723716
40.0,1.8584876974423725
50.0,1.3573602875073751
60.0,2.4079983989397684
70.0,2.935734029610952
80.0,3.551623022556305
90.0,2.580011792977651
