cloud_cover,training_time
10.0,2.5513586521148683
30.0,1.3270139336585998
50.0,0.782471776008606
70.0,0.8870076060295105
90.0,0.23343153794606528
