cloud_cover,training_time
10.0,0.14244783719380696
30.0,0.20842061837514242
50.0,0.20943930546442668
70.0,0.23792300621668497
90.0,0.4184921582539876
