cloud_cover,training_time
10.0,0.5340232292811076
20.0,0.36467780272165934
30.0,0.6406732598940531
40.0,0.3411985357602437
50.0,0.30304890076319374
60.0,0.7251658995946249
70.0,0.869245445728302
80.0,0.46048425833384193
90.0,0.4556288838386536
