cloud_cover,training_time
10.0,1.1079967896143594
30.0,1.1487691243489584
50.0,0.9076876084009806
70.0,0.6157118240992229
90.0,0.16816011269887288
