cloud_cover,training_time
10.0,0.7436116337776184
20.0,0.7696208198865254
30.0,0.7051511208216349
40.0,0.44397696256637575
50.0,0.4344546953837077
60.0,1.9002990007400513
70.0,1.5937394142150878
80.0,1.6582726955413818
90.0,1.1657824873924256
