cloud_cover,training_time
10.0,1.2488038778305053
30.0,0.6570526043574015
50.0,0.4921986182530721
70.0,0.33097955385843914
90.0,0.12344530820846558
