cloud_cover,lr_min,lr_max,lr_avg
10.0,0.4732632637023926,1.014915108680725,0.4732632637023926
20.0,0.5048663020133972,1.0595600605010986,0.5048663020133972
30.0,0.6666675806045532,1.1000020503997803,0.6666675806045532
40.0,0.75532466173172,1.4106459617614746,0.75532466173172
50.0,0.7082151174545288,1.3056635856628418,0.7082151174545288
60.0,0.3881877362728119,0.5514097213745117,0.3881877362728119
70.0,0.46979841589927673,0.9900722503662109,0.46979841589927673
80.0,0.4085904061794281,0.8906080722808838,0.4085904061794281
90.0,0.5029528141021729,0.9237627983093262,0.5029528141021729
