cloud_cover,lr_min,lr_max,lr_avg
10.0,0.4852544069290161,1.0084067583084106,0.4852544069290161
20.0,0.4770820736885071,1.036618947982788,0.4770820736885071
30.0,0.4258725345134735,1.1162739992141724,0.4258725345134735
40.0,0.5741931200027466,1.2290312051773071,0.5741931200027466
50.0,0.4925621449947357,1.1128085851669312,0.4925621449947357
60.0,0.5023043155670166,1.0360610485076904,0.5023043155670166
70.0,0.4445478916168213,0.9085967540740967,0.4445478916168213
80.0,0.4067074954509735,0.9862703084945679,0.4067074954509735
90.0,0.4465394914150238,0.7532496452331543,0.4465394914150238
