cloud_cover,lr_min,lr_max,lr_avg
10.0,0.3871537148952484,0.7508817315101624,0.3871537148952484
20.0,0.38059067726135254,1.0059109926223755,0.38059067726135254
30.0,0.4276902973651886,0.8395587205886841,0.4276902973651886
40.0,0.5145450830459595,1.0810939073562622,0.5145450830459595
50.0,0.4989170730113983,1.2103898525238037,0.4989170730113983
60.0,0.46015962958335876,0.9648081660270691,0.46015962958335876
70.0,0.4407498240470886,0.7232672572135925,0.4407498240470886
80.0,0.40193021297454834,0.7060143351554871,0.40193021297454834
90.0,0.3738938271999359,0.6434724926948547,0.3738938271999359
