cloud_cover,lr_min,lr_max,lr_avg
10.0,0.513832151889801,1.1209816932678223,0.513832151889801
20.0,0.5749989151954651,1.0841697454452515,0.5749989151954651
30.0,0.7164271473884583,1.3328568935394287,0.7164271473884583
40.0,0.6078755259513855,1.111216425895691,0.6078755259513855
50.0,0.7622852325439453,1.533139705657959,0.7622852325439453
60.0,0.5027034878730774,0.9432457089424133,0.5027034878730774
70.0,0.508108913898468,0.7837856411933899,0.508108913898468
80.0,0.5054062008857727,1.0756785869598389,0.5054062008857727
90.0,0.5297306180000305,1.1405436992645264,0.5297306180000305
