cloud_cover,lr_min,lr_max,lr_avg
10.0,0.8067640662193298,1.9265724420547485,0.8067640662193298
20.0,0.8890715837478638,1.9169423580169678,0.8890715837478638
30.0,0.9074991941452026,1.9168765544891357,0.9074991941452026
40.0,0.8404417037963867,1.9022083282470703,0.8404417037963867
50.0,1.024779200553894,1.8822989463806152,1.024779200553894
60.0,0.7443473935127258,1.9256484508514404,0.7443473935127258
70.0,0.9343468546867371,1.933909296989441,0.9343468546867371
80.0,0.8269558548927307,1.9256484508514404,0.8269558548927307
90.0,0.8104341626167297,1.9256484508514404,0.8104341626167297
