cloud_cover,lr_min,lr_max,lr_avg
10.0,0.619144856929779,1.0605918169021606,0.619144856929779
20.0,0.622198760509491,1.1845670938491821,0.622198760509491
30.0,0.7626823782920837,1.318779468536377,0.7626823782920837
40.0,0.7025711536407471,1.5711395740509033,0.7025711536407471
50.0,0.8034600019454956,1.3491345643997192,0.8034600019454956
60.0,0.5411278605461121,0.7900521159172058,0.5411278605461121
70.0,0.6703163981437683,1.067334771156311,0.6703163981437683
80.0,0.5442788004875183,1.0011650323867798,0.5442788004875183
90.0,0.5883919596672058,1.168164849281311,0.5883919596672058
