cloud_cover,lr_min,lr_max,lr_avg
10.0,0.43935951590538025,1.9853538274765015,0.43935951590538025
20.0,0.41190576553344727,1.980963110923767,0.41190576553344727
30.0,0.5163996815681458,1.9807112216949463,0.5163996815681458
40.0,0.5020470023155212,1.9773178100585938,0.5020470023155212
50.0,0.5750001668930054,1.9725066423416138,0.5750001668930054
60.0,0.38658127188682556,1.9870011806488037,0.38658127188682556
70.0,0.3512238562107086,1.9851402044296265,0.3512238562107086
80.0,0.3400583565235138,1.9851402044296265,0.3400583565235138
90.0,0.3958858549594879,1.9851402044296265,0.3958858549594879
