cloud_cover,lr_min,lr_max,lr_avg
30.0,0.693374752998352,1.5145118236541748,0.693374752998352
40.0,0.8945447206497192,1.8065491914749146,0.8945447206497192
50.0,0.9025870561599731,1.5331922769546509,0.9025870561599731
60.0,0.714577853679657,1.3075156211853027,0.714577853679657
70.0,0.636673629283905,1.021866798400879,0.636673629283905
80.0,0.675625741481781,1.2209553718566895,0.675625741481781
90.0,0.688609778881073,1.4200439453125,0.688609778881073
