cloud_cover,training_time
10.0,2.6499245325724283
30.0,3.496004871527354
50.0,2.1767254074414573
70.0,1.3323028564453125
90.0,0.36861812671025596
