cloud_cover,training_time
10.0,4.396023547649383
20.0,3.0528110027313233
30.0,2.532177968819936
40.0,1.2181294997533163
50.0,1.1011853456497191
60.0,2.822534465789795
70.0,3.937679171562195
80.0,2.659433408578237
90.0,3.2101985295613606
