cloud_cover,training_time
70.0,0.8005390922228496
80.0,0.529198141892751
90.0,0.5052201708157857
