cloud_cover,training_time
10.0,1.1989866097768147
30.0,0.6536465605099996
50.0,0.7853474617004395
70.0,0.5694711486498515
90.0,0.34077776670455934
