cloud_cover,training_time
10.0,0.6169457117716471
20.0,0.9353236714998882
30.0,0.41023052533467613
40.0,0.3346948862075806
50.0,0.2906835953394572
60.0,0.47558906078338625
70.0,0.5271445473035177
80.0,0.7436370650927225
90.0,0.5013731519381205
