cloud_cover,training_time
10.0,0.4440752506256104
20.0,0.4268037398656209
30.0,0.48502044280370077
40.0,0.30076507329940794
50.0,0.3855165998140971
60.0,0.4327956557273865
70.0,0.5032408754030864
80.0,0.5818674604098002
90.0,0.5899596095085144
