cloud_cover,training_time
10.0,1.894554642836253
30.0,1.5727911074956258
50.0,1.1403239250183106
70.0,0.4705739259719849
90.0,0.3661894639333089
