cloud_cover,training_time
10.0,1.8434107383092244
20.0,1.1151715199152628
30.0,0.8170865217844645
40.0,0.8136343916257223
50.0,0.8646429737408956
60.0,1.1670168836911519
70.0,1.232270367940267
80.0,1.5024122238159179
90.0,2.7135497450828554
