cloud_cover,lr_min,lr_max,lr_avg
10.0,0.5771690011024475,1.019638180732727,0.5771690011024475
20.0,0.6181827783584595,1.023430585861206,0.6181827783584595
30.0,0.654326319694519,1.2851085662841797,0.654326319694519
40.0,0.5360650420188904,1.1412177085876465,0.5360650420188904
50.0,0.7894729971885681,1.1421055793762207,0.7894729971885681
60.0,0.49020108580589294,1.020676612854004,0.49020108580589294
70.0,0.55906081199646,0.972219705581665,0.55906081199646
80.0,0.43409374356269836,0.7962446212768555,0.43409374356269836
90.0,0.48255008459091187,0.9135613441467285,0.48255008459091187
