cloud_cover,lr_min,lr_max,lr_avg
10.0,0.6805554628372192,1.4722262620925903,0.6805554628372192
20.0,0.9047064781188965,1.4486256837844849,0.9047064781188965
30.0,0.8995488882064819,1.7678723335266113,0.8995488882064819
40.0,0.896773636341095,1.683332085609436,0.896773636341095
50.0,0.9374994039535522,1.887502670288086,0.9374994039535522
60.0,0.757231593132019,1.5040903091430664,0.757231593132019
70.0,0.7811309099197388,1.3128938674926758,0.7811309099197388
80.0,0.7512567639350891,1.1694965362548828,0.7512567639350891
90.0,0.8767281770706177,1.4562911987304688,0.8767281770706177
