cloud_cover,lr_min,lr_max,lr_avg
10.0,0.5270898938179016,1.0007224082946777,0.5270898938179016
20.0,0.6332253217697144,1.0101604461669922,0.6332253217697144
30.0,0.5354905128479004,0.9955657720565796,0.5354905128479004
40.0,0.6773717403411865,1.353020191192627,0.6773717403411865
50.0,0.6793293952941895,1.155556321144104,0.6793293952941895
60.0,0.4656691253185272,0.9326374530792236,0.4656691253185272
70.0,0.49531790614128113,0.964756965637207,0.49531790614128113
80.0,0.502730131149292,0.9227545261383057,0.502730131149292
90.0,0.49531790614128113,0.9425203800201416,0.49531790614128113
