cloud_cover,lr_min,lr_max,lr_avg
10.0,0.4010564982891083,0.8961271643638611,0.4010564982891083
20.0,0.46596214175224304,1.0650423765182495,0.46596214175224304
30.0,0.5757172107696533,1.143143892288208,0.5757172107696533
40.0,0.5841827988624573,0.9949008822441101,0.5841827988624573
50.0,0.6571722626686096,1.1181397438049316,0.6571722626686096
60.0,0.45450589060783386,0.8787223100662231,0.45450589060783386
70.0,0.4345898926258087,0.8110069036483765,0.4345898926258087
80.0,0.4983210861682892,0.9364795684814453,0.4983210861682892
90.0,0.408699095249176,0.6755760908126831,0.408699095249176
