cloud_cover,lr_min,lr_max,lr_avg
10.0,0.41514453291893005,1.0477131605148315,0.41514453291893005
20.0,0.5276281237602234,0.9680642485618591,0.5276281237602234
30.0,0.4828996956348419,1.1616785526275635,0.4828996956348419
40.0,0.5015993714332581,1.1799284219741821,0.5015993714332581
50.0,0.6509591341018677,1.169508695602417,0.6509591341018677
60.0,0.46404802799224854,0.9794420003890991,0.46404802799224854
70.0,0.45177674293518066,0.8178700804710388,0.45177674293518066
80.0,0.4313246011734009,0.6501625180244446,0.4313246011734009
90.0,0.419053316116333,0.7524232268333435,0.419053316116333
