cloud_cover,lr_min,lr_max,lr_avg
10.0,0.4150383472442627,0.6543710827827454,0.4150383472442627
20.0,0.46111199259757996,0.9722193479537964,0.46111199259757996
30.0,0.5494968295097351,1.1201300621032715,0.5494968295097351
40.0,0.5946736335754395,1.254241704940796,0.5946736335754395
50.0,0.5237412452697754,1.1023973226547241,0.5237412452697754
60.0,0.4342798888683319,0.8828567862510681,0.4342798888683319
70.0,0.38467705249786377,0.7577731013298035,0.38467705249786377
80.0,0.4191833734512329,0.7858090996742249,0.4191833734512329
90.0,0.41702672839164734,0.9583383202552795,0.41702672839164734
