cloud_cover,lr_min,lr_max,lr_avg
10.0,0.8490377068519592,1.9177907705307007,0.8490377068519592
20.0,0.8925138115882874,1.9187188148498535,0.8925138115882874
30.0,0.9509209394454956,1.9184026718139648,0.9509209394454956
40.0,0.9414291977882385,1.9049975872039795,0.9414291977882385
50.0,0.8632485270500183,1.9025633335113525,0.8632485270500183
60.0,0.7856516242027283,1.9256484508514404,0.7856516242027283
70.0,0.7608690857887268,1.933909296989441,0.7608690857887268
80.0,0.8765209317207336,1.933909296989441,0.8765209317207336
90.0,0.7195648550987244,1.9256484508514404,0.7195648550987244
