cloud_cover,lr_min,lr_max,lr_avg
10.0,1.3939660787582397,1.9017261266708374,1.3939660787582397
20.0,1.3359222412109375,1.8893191814422607,1.3359222412109375
30.0,1.240000605583191,1.8944456577301025,1.240000605583191
40.0,1.5499991178512573,1.8999987840652466,1.5499991178512573
50.0,1.3365086317062378,1.8492075204849243,1.3365086317062378
60.0,1.109375238418579,1.9109351634979248,1.109375238418579
70.0,1.2874996662139893,1.925778865814209,1.2874996662139893
80.0,1.109375238418579,1.9109351634979248,1.109375238418579
90.0,1.3617181777954102,1.925778865814209,1.3617181777954102
