cloud_cover,lr_min,lr_max,lr_avg
10.0,0.6283620595932007,1.195211410522461,0.6283620595932007
20.0,0.638334333896637,1.1093772649765015,0.638334333896637
30.0,0.739423394203186,1.406247615814209,0.739423394203186
40.0,0.7599453926086426,1.1697497367858887,0.7599453926086426
50.0,0.7966670989990234,1.639002799987793,0.7966670989990234
60.0,0.5001656413078308,0.9665047526359558,0.5001656413078308
70.0,0.5442788004875183,1.1587120294570923,0.5442788004875183
80.0,0.5852410197257996,1.1366554498672485,0.5852410197257996
90.0,0.5442788004875183,1.0988441705703735,0.5442788004875183
