cloud_cover,lr_min,lr_max,lr_avg
10.0,0.8519634008407593,1.94833505153656,0.8519634008407593
20.0,0.8133094310760498,1.9351500272750854,0.8133094310760498
30.0,0.7407845258712769,1.9254857301712036,0.7407845258712769
40.0,0.8953498005867004,1.911630392074585,0.8953498005867004
50.0,1.103978157043457,1.9028432369232178,1.103978157043457
60.0,0.6560972929000854,1.5108363628387451,0.6560972929000854
70.0,0.7899730205535889,1.804329752922058,0.7899730205535889
80.0,0.6818426251411438,1.9485019445419312,0.6818426251411438
90.0,0.7951220870018005,1.953650951385498,0.7951220870018005
