cloud_cover,lr_min,lr_max,lr_avg
10.0,0.5216224789619446,1.1297328472137451,0.5216224789619446
20.0,0.5041273236274719,1.2942867279052734,0.5041273236274719
30.0,0.621298611164093,1.190614104270935,0.621298611164093
40.0,0.5960004925727844,1.1799989938735962,0.5960004925727844
50.0,0.6868363618850708,1.2015204429626465,0.6868363618850708
60.0,0.48344048857688904,0.8988382816314697,0.48344048857688904
70.0,0.5252258777618408,1.2724506855010986,0.5252258777618408
80.0,0.3998703062534332,1.1225141286849976,0.3998703062534332
90.0,0.4711507558822632,0.9799515008926392,0.4711507558822632
