cloud_cover,lr_min,lr_max,lr_avg
10.0,0.5924793481826782,0.920801043510437,0.5924793481826782
20.0,0.4751806855201721,0.7367761731147766,0.4751806855201721
30.0,0.6178189516067505,0.9683405160903931,0.6178189516067505
40.0,0.7115471363067627,1.4818220138549805,0.7115471363067627
50.0,0.8264703750610352,1.580888032913208,0.8264703750610352
60.0,0.5459468960762024,0.9810836911201477,0.5459468960762024
70.0,0.5270279049873352,0.8432453274726868,0.5270279049873352
80.0,0.5702713131904602,1.0189216136932373,0.5702713131904602
90.0,0.5918930172920227,1.1297328472137451,0.5918930172920227
