cloud_cover,lr_min,lr_max,lr_avg
10.0,0.7089744210243225,1.8376109600067139,0.7089744210243225
20.0,0.8900977969169617,1.9247539043426514,0.8900977969169617
30.0,0.8622096180915833,1.900583267211914,0.8622096180915833
40.0,1.1230766773223877,1.9202792644500732,1.1230766773223877
50.0,0.9756526947021484,1.9008675813674927,0.9756526947021484
60.0,0.7544450163841248,1.9366682767868042,0.7544450163841248
70.0,0.7051857113838196,1.929631233215332,0.7051857113838196
80.0,0.7755561470985413,1.9366682767868042,0.7755561470985413
90.0,0.6277782320976257,1.9085201025009155,0.6277782320976257
