cloud_cover,lr_min,lr_max,lr_avg
10.0,0.8762652277946472,1.5786004066467285,0.8762652277946472
20.0,1.0169553756713867,1.7934749126434326,1.0169553756713867
30.0,0.9423640966415405,1.7192107439041138,0.9423640966415405
40.0,0.9517229795455933,1.8908058404922485,0.9517229795455933
50.0,1.0890419483184814,1.89589262008667,1.0890419483184814
60.0,0.8256943225860596,1.6305609941482544,0.8256943225860596
70.0,0.819097101688385,1.5975745916366577,0.819097101688385
80.0,0.8454859852790833,1.7097283601760864,0.8454859852790833
90.0,0.7003471255302429,1.722922921180725,0.7003471255302429
