cloud_cover,lr_min,lr_max,lr_avg
10.0,1.381394624710083,1.926355242729187,1.381394624710083
20.0,1.1807336807250977,1.912841558456421,1.1807336807250977
30.0,1.2483526468276978,1.895606279373169,1.2483526468276978
40.0,1.5315076112747192,1.895891785621643,1.5315076112747192
50.0,1.3448269367218018,1.8362058401107788,1.3448269367218018
60.0,1.2503389120101929,1.922446608543396,1.2503389120101929
70.0,1.0693868398666382,1.922446608543396,1.0693868398666382
80.0,0.9013599157333374,1.909521460533142,0.9013599157333374
90.0,1.2115634679794312,1.922446608543396,1.2115634679794312
