cloud_cover,lr_min,lr_max,lr_avg
10.0,0.9617844223976135,1.7557169198989868,0.9617844223976135
20.0,0.7358865141868591,1.126612901687622,0.7358865141868591
30.0,0.7804659008979797,1.8409326076507568,0.7804659008979797
40.0,1.0813193321228027,1.6868112087249756,1.0813193321228027
50.0,1.049999475479126,1.7250020503997803,1.049999475479126
60.0,0.6808909773826599,1.1105080842971802,0.6808909773826599
70.0,0.8926740288734436,1.727704405784607,0.8926740288734436
80.0,0.8382155299186707,1.5703798532485962,0.8382155299186707
90.0,0.7353494763374329,1.2980873584747314,0.7353494763374329
