cloud_cover,lr_min,lr_max,lr_avg
10.0,0.40246087312698364,0.9111419916152954,0.40246087312698364
20.0,0.4620523452758789,1.210905909538269,0.4620523452758789
30.0,0.5936450958251953,1.364297866821289,0.5936450958251953
40.0,0.5098034143447876,0.9071880578994751,0.5098034143447876
50.0,0.7070135474205017,1.2794800996780396,0.7070135474205017
60.0,0.41997388005256653,0.7250679135322571,0.41997388005256653
70.0,0.5241516828536987,0.9185428023338318,0.5241516828536987
80.0,0.37284594774246216,0.9681517481803894,0.37284594774246216
90.0,0.4398172199726105,1.0921719074249268,0.4398172199726105
