cloud_cover,lr_min,lr_max,lr_avg
10.0,0.4003300666809082,1.9832922220230103,0.4003300666809082
20.0,0.4636807441711426,1.9836734533309937,0.4636807441711426
30.0,0.45839187502861023,1.9815608263015747,0.45839187502861023
40.0,0.5147673487663269,1.9786384105682373,0.5147673487663269
50.0,0.5459925532341003,1.970998764038086,0.5459925532341003
60.0,0.4163559377193451,1.9870011806488037,0.4163559377193451
70.0,0.3903031051158905,1.9870011806488037,0.3903031051158905
80.0,0.37541577219963074,1.9870011806488037,0.37541577219963074
90.0,0.4479915201663971,1.9870011806488037,0.4479915201663971
