cloud_cover,lr_min,lr_max,lr_avg
10.0,0.6352788805961609,1.353808045387268,0.6352788805961609
20.0,0.6951148509979248,1.2465531826019287,0.6951148509979248
30.0,0.7480131387710571,1.2135759592056274,0.7480131387710571
40.0,0.7136191725730896,1.748639464378357,0.7136191725730896
50.0,0.7957749962806702,1.3666672706604004,0.7957749962806702
60.0,0.6193615794181824,1.0435068607330322,0.6193615794181824
70.0,0.649657666683197,1.3984038829803467,0.649657666683197
80.0,0.6799537539482117,1.2252833843231201,0.6799537539482117
90.0,0.7059218287467957,1.0954430103302002,0.7059218287467957
