cloud_cover,lr_min,lr_max,lr_avg
10.0,0.5483787059783936,0.9519202709197998,0.5483787059783936
20.0,0.5457570552825928,0.7955053448677063,0.5457570552825928
30.0,0.6667302250862122,1.0554507970809937,0.6667302250862122
40.0,0.6849433779716492,1.0008982419967651,0.6849433779716492
50.0,0.7590786218643188,1.3048760890960693,0.7590786218643188
60.0,0.5166459679603577,0.8328923583030701,0.5166459679603577
70.0,0.5141360759735107,0.8178330063819885,0.5141360759735107
80.0,0.5266855359077454,0.8203428983688354,0.5266855359077454
90.0,0.476487398147583,0.7324966788291931,0.476487398147583
