cloud_cover,lr_min,lr_max,lr_avg
10.0,1.1457359790802002,1.882169246673584,1.1457359790802002
20.0,1.1857154369354248,1.9042041301727295,1.1857154369354248
30.0,1.3201828002929688,1.8779792785644531,1.3201828002929688
40.0,1.166326880455017,1.8836725950241089,1.166326880455017
50.0,1.1795454025268555,1.8704557418823242,1.1795454025268555
60.0,1.1450002193450928,1.8914262056350708,1.1450002193450928
70.0,1.1585716009140015,1.9049975872039795,1.1585716009140015
80.0,1.0092864036560059,1.9049975872039795,1.0092864036560059
90.0,1.1992857456207275,1.9049975872039795,1.1992857456207275
