cloud_cover,lr_min,lr_max,lr_avg
10.0,0.5182957053184509,1.1958155632019043,0.5182957053184509
20.0,0.5366662740707397,0.886665940284729,0.5366662740707397
30.0,0.4534003734588623,0.6585993766784668,0.4534003734588623
40.0,0.7377626895904541,1.2913742065429688,0.7377626895904541
50.0,0.7615594863891602,1.5501444339752197,0.7615594863891602
60.0,0.5447367429733276,0.8052656054496765,0.5447367429733276
70.0,0.46578899025917053,0.984214723110199,0.46578899025917053
80.0,0.47631528973579407,0.6947382092475891,0.47631528973579407
90.0,0.5368419289588928,0.9473722577095032,0.5368419289588928
