cloud_cover,training_time
10.0,1.912804635365804
30.0,1.2341835896174114
50.0,1.018269916375478
70.0,0.3122830311457316
90.0,0.15581064621607463
