cloud_cover,times
10.0,0.10248922109603882
20.0,0.08440333604812622
30.0,0.08874198198318481
40.0,0.07823595205942789
50.0,0.06253494421641032
60.0,0.05481659571329753
70.0,0.07103885809580485
80.0,0.04896242618560791
90.0,0.04634525775909424
