cloud_cover,training_time
10.0,9.96548952261607
30.0,6.633025940259298
50.0,5.396162847677867
70.0,4.309840746720632
90.0,1.8832891225814818
