cloud_cover,training_time
10.0,2.502407491207123
20.0,2.1610952099164327
30.0,2.1435006260871887
40.0,1.5839781721433004
50.0,3.306446349620819
60.0,4.817071048418681
70.0,3.291833829879761
80.0,3.3153401732444765
90.0,3.281491978963216
