cloud_cover,training_time
10.0,2.759840500354767
30.0,1.8766295154889425
50.0,1.4856285611788431
70.0,1.1936973571777343
90.0,0.5783019344011943
