cloud_cover,training_time
10.0,1.3108919183413188
20.0,0.7870630105336507
30.0,0.6830115199089051
40.0,0.827058752377828
50.0,0.680101215839386
60.0,1.3184170126914978
70.0,0.9616091291109721
80.0,1.2991552392641703
90.0,0.880531378587087
