cloud_cover,training_time
10.0,9.320478065808613
30.0,8.487776192029317
50.0,5.722058427333832
70.0,2.0472554405530294
90.0,0.8454777479171753
