cloud_cover,training_time
10.0,13.509049407641093
20.0,7.281757160027822
30.0,9.147914822896322
40.0,6.916011536121369
50.0,5.8231864492098495
60.0,13.080815601348878
70.0,15.615770622094471
80.0,17.57380476395289
90.0,12.228198504447937
