cloud_cover,training_time
10.0,10.029087376594543
30.0,5.726940552393596
50.0,6.435195247332255
70.0,2.735141889254252
90.0,1.3550289074579875
