cloud_cover,training_time
10.0,3.076767841974894
20.0,3.228453596433004
30.0,2.665000625451406
40.0,2.2051950335502624
50.0,1.7058489799499512
60.0,5.881236120065053
70.0,3.65865630308787
80.0,4.00792019367218
90.0,3.7506351510683693
