cloud_cover,training_time
10.0,8.09026921192805
20.0,5.132318536440532
30.0,4.649398171901703
40.0,2.8592124780019126
50.0,2.077430025736491
60.0,12.604873538017273
70.0,5.762865249315897
80.0,4.471217409769694
90.0,6.448023358980815
