cloud_cover,training_time
10.0,3.2168470144271852
30.0,1.84297163883845
50.0,1.5656480471293133
70.0,0.7209861516952515
90.0,0.6455845475196839
