cloud_cover,training_time
10.0,9.170069567362468
20.0,13.833206383387248
30.0,12.735301733016968
40.0,3.861080821355184
50.0,9.227630265553792
60.0,11.137691462039948
70.0,30.965068928400676
80.0,16.18993212779363
90.0,22.93800602356593
