cloud_cover,training_time
10.0,11.435624905427296
30.0,7.181619588534037
50.0,9.84260071516037
70.0,7.539808742205302
90.0,1.9988492131233215
