cloud_cover,training_time
10.0,5.167480182647705
20.0,3.308187464872996
30.0,3.337830169995626
40.0,3.2793344696362814
50.0,1.5485965609550476
60.0,4.234645001093546
70.0,2.722253092130025
80.0,5.771616017818451
90.0,3.0096529006958006
