cloud_cover,training_time
10.0,1.5933701395988464
30.0,1.7873661518096924
50.0,0.7793688376744589
70.0,0.4997020165125529
90.0,0.27495428721110027
