cloud_cover,lr_min,lr_max,lr_avg
50.0,0.15344040095806122,0.2539141774177551,0.15344040095806122
