cloud_cover,lr_min,lr_max,lr_avg
50.0,0.1514429897069931,0.2684428095817566,0.1514429897069931
