cloud_cover,lr_min,lr_max,lr_avg
50.0,0.14613302052021027,0.20649148523807526,0.14613302052021027
