cloud_cover,lr_min,lr_max,lr_avg
50.0,0.3181057870388031,1.9937490224838257,0.3181057870388031
