cloud_cover,lr_min,lr_max,lr_avg
50.0,0.19750477373600006,0.32102492451667786,0.19750477373600006
