cloud_cover,lr_min,lr_max,lr_avg
50.0,0.18042442202568054,0.2627606689929962,0.18042442202568054
