cloud_cover,lr_min,lr_max,lr_avg
50.0,0.2305191457271576,0.6374918818473816,0.2305191457271576
