cloud_cover,lr_min,lr_max,lr_avg
50.0,0.2342061996459961,0.3987981677055359,0.2342061996459961
