cloud_cover,lr_min,lr_max,lr_avg
50.0,0.2109719216823578,0.3585887849330902,0.2109719216823578
