cloud_cover,lr_min,lr_max,lr_avg
50.0,0.1587386578321457,1.999650239944458,0.1587386578321457
