cloud_cover,lr_min,lr_max,lr_avg
50.0,0.26853594183921814,0.5485893487930298,0.26853594183921814
