cloud_cover,lr_min,lr_max,lr_avg
50.0,0.15781907737255096,0.2609725296497345,0.15781907737255096
