cloud_cover,lr_min,lr_max,lr_avg
40.0,0.5992895364761353,1.0419000387191772,0.5992895364761353
