cloud_cover,lr_min,lr_max,lr_avg
40.0,0.8775798082351685,1.668681263923645,0.8775798082351685
