cloud_cover,lr_min,lr_max,lr_avg
40.0,0.5391368269920349,0.7792001366615295,0.5391368269920349
