cloud_cover,lr_min,lr_max,lr_avg
40.0,0.485232949256897,1.1225334405899048,0.485232949256897
