cloud_cover,lr_min,lr_max,lr_avg
40.0,0.5343550443649292,0.9808429479598999,0.5343550443649292
