cloud_cover,lr_min,lr_max,lr_avg
40.0,0.5263783931732178,1.2295233011245728,0.5263783931732178
