cloud_cover,lr_min,lr_max,lr_avg
40.0,0.7791168689727783,1.336142659187317,0.7791168689727783
