cloud_cover,lr_min,lr_max,lr_avg
40.0,0.959524393081665,1.9457157850265503,0.959524393081665
