cloud_cover,lr_min,lr_max,lr_avg
40.0,0.8357455134391785,1.9514936208724976,0.8357455134391785
