cloud_cover,lr_min,lr_max,lr_avg
40.0,0.5643822550773621,1.974508285522461,0.5643822550773621
