cloud_cover,lr_min,lr_max,lr_avg
40.0,0.6369558572769165,1.0274673700332642,0.6369558572769165
