cloud_cover,lr_min,lr_max,lr_avg
40.0,1.4042384624481201,1.9194934368133545,1.4042384624481201
