cloud_cover,lr_min,lr_max,lr_avg
40.0,0.6207638382911682,1.9716038703918457,0.6207638382911682
