cloud_cover,lr_min,lr_max,lr_avg
40.0,0.8388887643814087,1.9406331777572632,0.8388887643814087
