cloud_cover,lr_min,lr_max,lr_avg
40.0,0.5451253056526184,1.4084886312484741,0.5451253056526184
