cloud_cover,lr_min,lr_max,lr_avg
40.0,0.8006649613380432,1.311959147453308,0.8006649613380432
