cloud_cover,lr_min,lr_max,lr_avg
40.0,0.4587893486022949,1.981935977935791,0.4587893486022949
