cloud_cover,lr_min,lr_max,lr_avg
40.0,0.7437166571617126,1.5898863077163696,0.7437166571617126
