cloud_cover,lr_min,lr_max,lr_avg
40.0,0.540243923664093,1.1513745784759521,0.540243923664093
