cloud_cover,lr_min,lr_max,lr_avg
40.0,1.14344322681427,1.906556487083435,1.14344322681427
