cloud_cover,lr_min,lr_max,lr_avg
40.0,0.5629755258560181,0.8606030941009521,0.5629755258560181
