cloud_cover,training_time
10.0,3.0180855790774026
20.0,2.8011739214261375
30.0,2.4733904520670573
40.0,2.3559935768445333
50.0,1.9886224826176961
60.0,3.2306591033935548
70.0,3.5279453078905743
80.0,3.7857332309087117
90.0,3.5933279236157736
