cloud_cover,training_time
10.0,0.6509995977083842
30.0,0.6000208655993143
50.0,0.4207956433296204
70.0,0.28682129780451454
90.0,0.14168870449066162
