cloud_cover,training_time
10.0,3.458363159497579
20.0,6.739171314239502
30.0,5.768131514390309
40.0,3.7154050509134926
50.0,2.496996168295542
60.0,5.140333863099416
70.0,6.6205331961313885
80.0,6.305049391587575
90.0,5.609438463052114
