cloud_cover,training_time
10.0,9.627462375164033
30.0,10.647663378715515
50.0,7.936827464898427
70.0,3.4859244505564373
90.0,1.0695822517077127
