cloud_cover,training_time
10.0,0.9548229535420736
30.0,1.063803752263387
50.0,0.6859049439430237
70.0,1.3364466349283854
90.0,0.2606603701909383
