cloud_cover,training_time
10.0,0.5898143410682678
30.0,0.30175208250681557
50.0,0.24024949073791504
70.0,0.43667464653650917
90.0,0.169866140683492
