cloud_cover,training_time
10.0,1.7911150455474854
30.0,1.4088795463244121
50.0,1.0104092200597128
70.0,0.7494540135065715
90.0,0.4697794278462728
