cloud_cover,training_time
10.0,9.806366431713105
20.0,15.907483188311259
30.0,9.422689314683279
40.0,8.469209369023641
50.0,7.001749972502391
60.0,18.911284045378366
70.0,11.262722778320313
80.0,11.67400096654892
90.0,13.733236587047577
