cloud_cover,training_time
10.0,1.8527884443600973
30.0,0.8685902913411458
50.0,0.5392716248830159
70.0,0.6137384136517843
90.0,0.1468950072924296
