cloud_cover,training_time
10.0,0.9769720196723938
20.0,0.764883553981781
30.0,0.8363948464393616
40.0,0.6848371386528015
50.0,0.8260977109273274
60.0,0.8265121301015218
70.0,1.4498085021972655
80.0,0.8554167668024699
90.0,2.2158724268277488
