cloud_cover,training_time
10.0,3.0977779110272725
30.0,2.3473743915557863
50.0,1.8223432342211405
70.0,1.7655911604563395
90.0,0.611834192276001
