cloud_cover,training_time
10.0,1.3528791467348735
20.0,1.5702789704004925
30.0,0.9416625022888183
40.0,0.9589585224787395
50.0,0.5223288496335348
60.0,1.062651280562083
70.0,1.2436057845751445
80.0,2.401323175430298
90.0,0.9580835779507955
