cloud_cover,lr_min,lr_max,lr_avg
40.0,0.5783688426017761,1.0937927961349487,0.5783688426017761
