cloud_cover,lr_min,lr_max,lr_avg
40.0,0.4990367293357849,0.7992270588874817,0.4990367293357849
