cloud_cover,lr_min,lr_max,lr_avg
40.0,0.9191107153892517,1.586220622062683,0.9191107153892517
