cloud_cover,lr_min,lr_max,lr_avg
40.0,0.5757571458816528,0.960605263710022,0.5757571458816528
