cloud_cover,lr_min,lr_max,lr_avg
40.0,0.48356881737709045,1.0306711196899414,0.48356881737709045
