cloud_cover,lr_min,lr_max,lr_avg
40.0,0.6490967869758606,1.566332459449768,0.6490967869758606
