cloud_cover,lr_min,lr_max,lr_avg
40.0,0.7333338856697083,1.1790132522583008,0.7333338856697083
