cloud_cover,lr_min,lr_max,lr_avg
40.0,1.3734043836593628,1.89893639087677,1.3734043836593628
