cloud_cover,lr_min,lr_max,lr_avg
40.0,0.9388298988342285,1.9393564462661743,0.9388298988342285
