cloud_cover,lr_min,lr_max,lr_avg
40.0,1.3666657209396362,1.890802264213562,1.3666657209396362
