cloud_cover,lr_min,lr_max,lr_avg
40.0,0.9307348132133484,1.9259699583053589,0.9307348132133484
