cloud_cover,lr_min,lr_max,lr_avg
40.0,0.6163905262947083,1.053940773010254,0.6163905262947083
