cloud_cover,lr_min,lr_max,lr_avg
40.0,0.5705766677856445,1.9681459665298462,0.5705766677856445
