cloud_cover,lr_min,lr_max,lr_avg
40.0,0.993451714515686,1.932140588760376,0.993451714515686
