cloud_cover,lr_min,lr_max,lr_avg
40.0,0.9401997327804565,1.5608009099960327,0.9401997327804565
