cloud_cover,lr_min,lr_max,lr_avg
40.0,0.6225926280021667,1.6267160177230835,0.6225926280021667
