cloud_cover,lr_min,lr_max,lr_avg
40.0,1.0460598468780518,1.716181755065918,1.0460598468780518
