cloud_cover,lr_min,lr_max,lr_avg
40.0,0.44955548644065857,1.977433681488037,0.44955548644065857
