cloud_cover,lr_min,lr_max,lr_avg
40.0,0.8522171974182129,1.442318320274353,0.8522171974182129
