cloud_cover,lr_min,lr_max,lr_avg
40.0,0.6139053702354431,1.1531474590301514,0.6139053702354431
