cloud_cover,lr_min,lr_max,lr_avg
40.0,1.4183672666549683,1.9030603170394897,1.4183672666549683
