cloud_cover,lr_min,lr_max,lr_avg
40.0,0.6256911158561707,1.0086925029754639,0.6256911158561707
