cloud_cover,training_time
10.0,4.988668628533681
30.0,2.963949716091156
50.0,3.644426870346069
70.0,2.358324937025706
90.0,0.5385370214780172
