cloud_cover,training_time
10.0,3.533044683933258
20.0,2.241591048240662
30.0,1.9972263336181642
40.0,1.779131293296814
50.0,1.8516260425249735
60.0,2.8688899874687195
70.0,2.8813673774401347
80.0,3.590009593963623
90.0,3.563914736111959
