cloud_cover,training_time
10.0,1.2980841875076294
30.0,1.1736428578694662
50.0,0.7552981495857238
70.0,0.39384767214457195
90.0,0.4807031591733297
