cloud_cover,lr_min,lr_max,lr_avg
50.0,0.1984558403491974,0.3210979998111725,0.1984558403491974
