cloud_cover,lr_min,lr_max,lr_avg
50.0,0.16856496036052704,0.2678026854991913,0.16856496036052704
