cloud_cover,lr_min,lr_max,lr_avg
50.0,0.17794427275657654,0.24471715092658997,0.17794427275657654
