cloud_cover,lr_min,lr_max,lr_avg
50.0,0.20116062462329865,0.30979153513908386,0.20116062462329865
