cloud_cover,lr_min,lr_max,lr_avg
50.0,0.21118132770061493,0.3955138921737671,0.21118132770061493
