cloud_cover,lr_min,lr_max,lr_avg
50.0,0.33997583389282227,0.5568593740463257,0.33997583389282227
