cloud_cover,lr_min,lr_max,lr_avg
50.0,0.30797383189201355,0.775675892829895,0.30797383189201355
