cloud_cover,lr_min,lr_max,lr_avg
50.0,0.3892427384853363,1.9878711700439453,0.3892427384853363
