cloud_cover,lr_min,lr_max,lr_avg
50.0,0.26615792512893677,0.43366700410842896,0.26615792512893677
