cloud_cover,lr_min,lr_max,lr_avg
50.0,0.1699838936328888,1.998144507408142,0.1699838936328888
