cloud_cover,lr_min,lr_max,lr_avg
50.0,0.4406904876232147,1.10405433177948,0.4406904876232147
