cloud_cover,lr_min,lr_max,lr_avg
50.0,0.1943742334842682,0.27077242732048035,0.1943742334842682
