cloud_cover,training_time
10.0,1.8015279094378154
30.0,1.0922378063201905
50.0,0.7171504259109497
70.0,0.4859930952390035
90.0,0.2470116138458252
