cloud_cover,training_time
10.0,0.9483135263125102
20.0,0.9064053495724996
30.0,0.9927349130312602
40.0,1.0100299080212911
50.0,0.7488513668378194
60.0,1.4318404793739319
70.0,0.9052170316378275
80.0,0.8996359984079997
90.0,1.0734246770540874
