cloud_cover,training_time
10.0,3.578131115436554
20.0,3.0571019450823465
30.0,2.587514328956604
40.0,1.7606933871905008
50.0,1.0643624663352966
60.0,2.3925441463788353
70.0,1.926566469669342
80.0,2.1241597334543862
90.0,1.9734422047932942
