cloud_cover,training_time
10.0,4.85991409222285
30.0,6.63033352692922
50.0,2.7898037433624268
70.0,2.1780481417973836
90.0,0.8289918700853983
