cloud_cover,training_time
10.0,5.052639889717102
30.0,2.6181185642878213
50.0,1.0919836600621542
70.0,0.6234906752904256
90.0,0.19856897592544556
