cloud_cover,training_time
10.0,1.05663876136144
20.0,1.3278313795725505
30.0,0.8862603863080343
40.0,1.0116547107696534
50.0,0.4479778011639913
60.0,0.9289526621500651
70.0,1.6757835666338603
80.0,4.090761351585388
90.0,0.994331709543864
