cloud_cover,training_time
10.0,1.7516281843185424
20.0,5.352566107114156
30.0,3.780067845185598
40.0,3.397816256682078
50.0,0.949209968249003
60.0,2.9876613934834797
70.0,3.644904824097951
80.0,3.8342620968818664
90.0,3.0116345087687173
