cloud_cover,training_time
10.0,0.4257463614145915
30.0,2.053147482872009
50.0,1.4814628561337788
70.0,3.8235305666923525
90.0,4.196117107073466
