cloud_cover,training_time
10.0,0.7829034288724264
20.0,1.6943947553634644
30.0,1.0279812296231587
40.0,0.8256852865219116
50.0,0.5032777508099874
60.0,1.8950289209683735
70.0,1.2360437711079915
80.0,1.1870471199353536
90.0,1.152695123354594
