cloud_cover,training_time
10.0,2.0050801833470664
30.0,1.5504614313443503
50.0,1.057039701938629
70.0,0.46499959627787274
90.0,0.19469253222147623
