cloud_cover,training_time
10.0,3.8405274748802185
20.0,3.4921482602755227
30.0,3.2415281613667806
40.0,2.8195803642272947
50.0,2.721654431025187
60.0,4.644442987442017
70.0,9.891356074810028
80.0,5.254210758209228
90.0,5.303138156731923
