cloud_cover,training_time
10.0,2.588744016488393
30.0,3.0406758228937787
50.0,1.1034621874491373
70.0,1.1730979839960733
90.0,0.32005578676859536
