cloud_cover,training_time
10.0,1.4638181845347087
20.0,1.0554648955663046
30.0,0.8856889208157858
40.0,0.8253980437914531
50.0,1.037692368030548
60.0,1.2671951174736023
70.0,1.7074797749519348
80.0,1.506876814365387
90.0,1.3148542443911235
