cloud_cover,training_time
10.0,1.018761165936788
30.0,0.9129573464393616
50.0,0.6258409182230632
70.0,0.4860024650891622
90.0,0.2667955756187439
