cloud_cover,training_time
10.0,3.1024778683980307
20.0,1.6632925828297933
30.0,1.9845372398694356
40.0,2.0119192639986676
50.0,1.6070517778396607
60.0,2.5489296595255535
70.0,3.702142131328583
80.0,2.2840227325757345
90.0,1.9487629930178323
