cloud_cover,training_time
10.0,2.1717026869455975
30.0,3.0624342560768127
50.0,1.667499037583669
70.0,1.6298586010932923
90.0,0.47072786490122476
