cloud_cover,training_time
10.0,1.5154516895612082
20.0,1.4808542052904765
30.0,1.231005895137787
40.0,0.9752704064051311
50.0,0.876284643014272
60.0,3.0462607622146605
70.0,2.4985501090685527
80.0,1.7640266021092734
90.0,1.9676230033238729
