cloud_cover,training_time
10.0,2.813483234246572
30.0,2.4972585598627726
50.0,1.6110661466916403
70.0,1.2865169445673625
90.0,0.5389555811882019
