cloud_cover,lr_min,lr_max,lr_avg
50.0,0.7090905904769897,1.8090895414352417,0.7090905904769897
