cloud_cover,lr_min,lr_max,lr_avg
50.0,0.913101315498352,1.643234372138977,0.913101315498352
