cloud_cover,lr_min,lr_max,lr_avg
50.0,0.7580080628395081,1.2597382068634033,0.7580080628395081
