cloud_cover,lr_min,lr_max,lr_avg
50.0,1.6200004816055298,1.7828577756881714,1.6200004816055298
