cloud_cover,lr_min,lr_max,lr_avg
50.0,1.3666664361953735,1.8680552244186401,1.3666664361953735
