cloud_cover,lr_min,lr_max,lr_avg
50.0,1.4062505960464478,1.8515634536743164,1.4062505960464478
