cloud_cover,lr_min,lr_max,lr_avg
50.0,0.9142864346504211,1.5982844829559326,0.9142864346504211
