cloud_cover,lr_min,lr_max,lr_avg
50.0,1.195138692855835,1.8944441080093384,1.195138692855835
