cloud_cover,lr_min,lr_max,lr_avg
50.0,0.6406499147415161,1.9382096529006958,0.6406499147415161
