cloud_cover,lr_min,lr_max,lr_avg
50.0,1.5034096240997314,1.8704557418823242,1.5034096240997314
