cloud_cover,lr_min,lr_max,lr_avg
50.0,1.589188814163208,1.7945940494537354,1.589188814163208
