cloud_cover,lr_min,lr_max,lr_avg
50.0,1.0140552520751953,1.7432421445846558,1.0140552520751953
