cloud_cover,training_time
10.0,1.356929592291514
30.0,1.1329882105191549
50.0,1.5129075209299723
70.0,0.8129596988360087
90.0,0.2869575023651123
