cloud_cover,training_time
10.0,3.5508922815322874
20.0,1.8981554786364239
30.0,1.921874980131785
40.0,3.197007612387339
50.0,1.6107093453407288
60.0,3.2116265535354613
70.0,3.164252996444702
80.0,2.9647843559583027
90.0,3.5139140208562214
