cloud_cover,training_time
10.0,4.158742944399516
30.0,3.045908351739248
50.0,3.0389434695243835
70.0,1.5925992608070374
90.0,0.38521231412887574
