cloud_cover,training_time
10.0,0.5071486314137776
30.0,0.46576432784398397
50.0,0.31709973414738973
70.0,0.24052743514378866
90.0,0.11681077480316163
