cloud_cover,training_time
10.0,0.6555164615313213
20.0,0.6078487237294515
30.0,0.5528693834940592
40.0,0.48218636512756347
50.0,0.4253525336583455
60.0,0.7611611326535542
70.0,0.9238412221272786
80.0,1.1206953684488932
90.0,0.8068331201871236
