cloud_cover,training_time
10.0,9.045798122882843
30.0,8.479771451155345
50.0,4.74039451678594
70.0,2.23331196308136
90.0,1.285189429918925
