cloud_cover,training_time
10.0,2.3043250918388365
20.0,2.0502973874409993
30.0,2.37667414744695
40.0,1.7631573001543681
50.0,1.90810782512029
60.0,5.011965743700663
70.0,2.9313788533210756
80.0,6.702837649981181
90.0,6.624135502179463
