cloud_cover,training_time
10.0,2.0420610904693604
20.0,2.1650891065597535
30.0,1.659041694800059
40.0,2.809661384423574
50.0,1.334671680132548
60.0,2.9120906511942546
70.0,3.7269266764322917
80.0,2.4004166960716247
90.0,2.3987650791803996
