cloud_cover,training_time
10.0,4.5825181404749555
30.0,3.6577320059140526
50.0,3.3560471018155416
70.0,2.4339096029599507
90.0,1.2180887420972188
