cloud_cover,lr_min,lr_max,lr_avg
50.0,0.6090905070304871,0.8999993205070496,0.6090905070304871
