cloud_cover,lr_min,lr_max,lr_avg
50.0,0.6151852011680603,1.1674613952636719,0.6151852011680603
