cloud_cover,lr_min,lr_max,lr_avg
50.0,0.6766386032104492,1.4814443588256836,0.6766386032104492
