cloud_cover,lr_min,lr_max,lr_avg
50.0,1.5318846702575684,1.8623199462890625,1.5318846702575684
