cloud_cover,lr_min,lr_max,lr_avg
50.0,0.9048609733581543,1.525004506111145,0.9048609733581543
