cloud_cover,lr_min,lr_max,lr_avg
50.0,0.6971426010131836,1.543996810913086,0.6971426010131836
