cloud_cover,lr_min,lr_max,lr_avg
50.0,1.1622052192687988,1.9102375507354736,1.1622052192687988
