cloud_cover,lr_min,lr_max,lr_avg
50.0,0.9972220659255981,1.8944441080093384,0.9972220659255981
