cloud_cover,lr_min,lr_max,lr_avg
50.0,1.1795464754104614,1.8704568147659302,1.1795464754104614
