cloud_cover,lr_min,lr_max,lr_avg
50.0,0.5837066173553467,1.9729119539260864,0.5837066173553467
