cloud_cover,lr_min,lr_max,lr_avg
50.0,1.4794527292251587,1.8698643445968628,1.4794527292251587
