cloud_cover,lr_min,lr_max,lr_avg
50.0,0.7367566227912903,1.4659489393234253,0.7367566227912903
