cloud_cover,training_time
10.0,2.558986028035482
20.0,1.7194043755531312
30.0,2.0756497263908384
40.0,1.4412684520085652
50.0,1.3362168351809185
60.0,2.056950096289317
70.0,2.609130903085073
80.0,2.927086047331492
90.0,2.7392616192499797
