cloud_cover,training_time
10.0,8.399745241800945
30.0,5.844878530502319
50.0,4.933058603604635
70.0,2.578132522106171
90.0,0.9717141588528951
