cloud_cover,training_time
10.0,3.516026790936788
30.0,8.018921744823455
50.0,4.177310570081075
70.0,6.11837379137675
90.0,1.7191952109336852
