cloud_cover,training_time
10.0,0.9006369829177856
20.0,0.9531081438064575
30.0,1.1366440415382386
40.0,1.475354293982188
50.0,0.6092340826988221
60.0,2.190172000726064
70.0,2.5746413389841716
80.0,2.39758757352829
90.0,1.4944751818974813
