cloud_cover,training_time
10.0,6.305760482947032
30.0,7.737377913792928
50.0,3.0711716651916503
70.0,2.614197095235189
90.0,2.49977118174235
