cloud_cover,training_time
10.0,1.7897271394729615
20.0,2.2656826178232827
30.0,1.578820292154948
40.0,0.9873366157213846
50.0,1.237080192565918
60.0,2.6072989662488304
70.0,1.830055300394694
80.0,1.492447300752004
90.0,1.9801475207010903
