cloud_cover,lr_min,lr_max,lr_avg
50.0,0.46179547905921936,0.9714995622634888,0.46179547905921936
