cloud_cover,lr_min,lr_max,lr_avg
50.0,0.46546506881713867,0.7395639419555664,0.46546506881713867
