cloud_cover,lr_min,lr_max,lr_avg
50.0,0.40498968958854675,0.5925158262252808,0.40498968958854675
