cloud_cover,lr_min,lr_max,lr_avg
50.0,0.5179993510246277,0.9305693507194519,0.5179993510246277
