cloud_cover,lr_min,lr_max,lr_avg
50.0,0.7069443464279175,1.267710566520691,0.7069443464279175
