cloud_cover,lr_min,lr_max,lr_avg
50.0,0.5064358711242676,1.2135694026947021,0.5064358711242676
