cloud_cover,lr_min,lr_max,lr_avg
50.0,0.7984194755554199,1.924895167350769,0.7984194755554199
