cloud_cover,lr_min,lr_max,lr_avg
50.0,1.2840577363967896,1.9311573505401611,1.2840577363967896
