cloud_cover,lr_min,lr_max,lr_avg
50.0,0.3769615590572357,1.9825632572174072,0.3769615590572357
