cloud_cover,lr_min,lr_max,lr_avg
50.0,0.7477280497550964,1.417042851448059,0.7477280497550964
