cloud_cover,lr_min,lr_max,lr_avg
50.0,1.1351721286773682,1.9082777500152588,1.1351721286773682
