cloud_cover,lr_min,lr_max,lr_avg
50.0,0.5981084704399109,1.0474355220794678,0.5981084704399109
