cloud_cover,training_time
10.0,3.06716126203537
30.0,2.380910356839498
50.0,1.205124016602834
70.0,1.3375832716623943
90.0,0.6035833636919657
