cloud_cover,training_time
10.0,7.13854132493337
20.0,7.514619839191437
30.0,8.925203037261962
40.0,6.626667269070943
50.0,7.474110893408457
60.0,11.606546767552693
70.0,26.132677336533863
80.0,20.074818805853525
90.0,14.719299165407817
