cloud_cover,training_time
10.0,13.20243554910024
20.0,6.697989646593729
30.0,9.107927250862122
40.0,5.333328000704447
50.0,7.797346925735473
60.0,14.790306909879048
70.0,16.515864161650338
80.0,16.047617236773174
90.0,19.854115056991578
