cloud_cover,training_time
10.0,9.2603040933609
30.0,4.15913063287735
50.0,4.076442225774129
70.0,2.809711980819702
90.0,1.306390651067098
