cloud_cover,training_time
10.0,1.3694156646728515
20.0,1.7146676500638325
30.0,1.1466657042503356
40.0,0.8678250710169474
50.0,0.7377313574155172
60.0,1.6428876280784608
70.0,2.0300509492556253
80.0,1.3261205077171325
90.0,1.3241456627845765
