cloud_cover,training_time
10.0,2.0981226364771524
20.0,1.320945688088735
30.0,1.7722188830375671
40.0,0.7085524757703145
50.0,0.7280190388361613
60.0,1.4582319935162862
70.0,1.3712573925654095
80.0,1.5185513099034629
90.0,1.7752829631169638
