cloud_cover,training_time
10.0,1.0616528153419496
30.0,1.0607865651448567
50.0,0.5598261793454488
70.0,0.3433501879374186
90.0,0.1362376888593038
