cloud_cover,training_time
10.0,0.6640128215154012
30.0,0.6127144058545431
50.0,0.4221037785212199
70.0,0.30518529415130613
90.0,0.20281577905019124
