cloud_cover,training_time
10.0,2.5807140668233237
20.0,1.9141785144805907
30.0,1.4237679560979206
40.0,1.42490553855896
50.0,1.2627465923627217
60.0,2.1123241146405536
70.0,2.12800714969635
80.0,2.122004457314809
90.0,2.242336082458496
