cloud_cover,training_time
10.0,2.327705609798431
20.0,1.9025301496187845
30.0,1.6980791608492534
40.0,1.2613789518674214
50.0,1.3779951214790345
60.0,2.8908654491106667
70.0,1.7282503843307495
80.0,2.3168399612108868
90.0,2.037672539552053
