cloud_cover,training_time
10.0,7.1875585158665976
30.0,7.501248176892599
50.0,3.838427801926931
70.0,2.633949128786723
90.0,1.937301520506541
