cloud_cover,training_time
10.0,2.5990851243336994
30.0,2.5958908120791118
50.0,2.124586272239685
70.0,1.2714816331863403
90.0,1.2749184966087341
