cloud_cover,training_time
10.0,0.8016199429829916
20.0,0.5954911788304647
30.0,0.5265084028244018
40.0,0.448985222975413
50.0,0.43081013758977255
60.0,0.7283417741457622
70.0,0.539757267634074
80.0,0.4927414457003276
90.0,0.7015190203984578
