cloud_cover,lr_min,lr_max,lr_avg
40.0,1.268607497215271,1.6734422445297241,1.268607497215271
