cloud_cover,lr_min,lr_max,lr_avg
40.0,1.432026982307434,1.905335545539856,1.432026982307434
