cloud_cover,lr_min,lr_max,lr_avg
40.0,1.3237273693084717,1.8243370056152344,1.3237273693084717
