cloud_cover,lr_min,lr_max,lr_avg
40.0,1.2914360761642456,1.7791635990142822,1.2914360761642456
