cloud_cover,lr_min,lr_max,lr_avg
40.0,1.2794805765151978,1.7598339319229126,1.2794805765151978
