cloud_cover,lr_min,lr_max,lr_avg
40.0,1.2669240236282349,1.7406665086746216,1.2669240236282349
