cloud_cover,lr_min,lr_max,lr_avg
40.0,1.3895559310913086,1.8855363130569458,1.3895559310913086
