cloud_cover,lr_min,lr_max,lr_avg
40.0,1.442200779914856,1.8779792785644531,1.442200779914856
