cloud_cover,lr_min,lr_max,lr_avg
40.0,1.3466792106628418,1.8642935752868652,1.3466792106628418
