cloud_cover,lr_min,lr_max,lr_avg
40.0,1.4392398595809937,1.9076467752456665,1.4392398595809937
