cloud_cover,lr_min,lr_max,lr_avg
40.0,1.331620216369629,1.8347866535186768,1.331620216369629
