cloud_cover,lr_min,lr_max,lr_avg
40.0,1.4178749322891235,1.9029828310012817,1.4178749322891235
