cloud_cover,lr_min,lr_max,lr_avg
40.0,1.317582130432129,1.8414241075515747,1.317582130432129
