cloud_cover,lr_min,lr_max,lr_avg
40.0,1.4525436162948608,1.8872900009155273,1.4525436162948608
