cloud_cover,lr_min,lr_max,lr_avg
40.0,1.4028581380844116,1.8914300203323364,1.4028581380844116
