cloud_cover,lr_min,lr_max,lr_avg
40.0,1.400330662727356,1.8737494945526123,1.400330662727356
