cloud_cover,lr_min,lr_max,lr_avg
40.0,1.3207777738571167,1.887162446975708,1.3207777738571167
