cloud_cover,lr_min,lr_max,lr_avg
40.0,1.2800310850143433,1.7968486547470093,1.2800310850143433
