cloud_cover,lr_min,lr_max,lr_avg
40.0,1.3978116512298584,1.8650202751159668,1.3978116512298584
