cloud_cover,lr_min,lr_max,lr_avg
40.0,1.2527453899383545,1.5974061489105225,1.2527453899383545
