cloud_cover,lr_min,lr_max,lr_avg
40.0,1.4704917669296265,1.890982747077942,1.4704917669296265
