cloud_cover,lr_min,lr_max,lr_avg
40.0,1.2995285987854004,1.687346339225769,1.2995285987854004
