cloud_cover,training_time
10.0,0.8696488658587138
20.0,1.1634979804356893
30.0,0.7727818171183268
40.0,0.5105200568834941
50.0,0.6032407522201538
60.0,0.9599686066309611
70.0,0.9423073490460714
80.0,1.2422822038332622
90.0,0.9400620222091675
