cloud_cover,training_time
10.0,3.6817102313041685
30.0,2.48823416630427
50.0,2.5231098532676697
70.0,1.3361536184946696
90.0,0.859474531809489
