cloud_cover,training_time
10.0,2.7465589960416157
30.0,1.9276752670605979
50.0,1.3715236186981201
70.0,0.9484414219856262
90.0,0.6059684356053671
