cloud_cover,training_time
10.0,3.895338789621989
20.0,4.079243663946787
30.0,6.435930589834849
40.0,2.602073530356089
50.0,2.846634312470754
60.0,4.203196716308594
70.0,5.693102061748505
80.0,7.322078029314677
90.0,4.80639792283376
