cloud_cover,training_time
10.0,0.9438413580258688
20.0,0.7370854496955872
30.0,0.7744824051856994
40.0,0.8222520271937053
50.0,0.45328399737675984
60.0,0.9684555331865946
70.0,0.7068853298823039
80.0,0.8055910229682922
90.0,1.2043392022450765
