cloud_cover,training_time
10.0,4.054790540536245
30.0,4.47726692756017
50.0,3.2208150307337444
70.0,1.549487320582072
90.0,0.5679221431414286
