cloud_cover,training_time
10.0,5.956646899382274
30.0,2.9438039739926656
50.0,1.5925920724868774
70.0,1.622861909866333
90.0,0.4595295230547587
