cloud_cover,training_time
10.0,0.7031407992045084
20.0,0.6180577119191487
30.0,0.5591227213541666
40.0,0.5672473907470703
50.0,0.37340635458628335
60.0,0.8627953290939331
70.0,0.9401884555816651
80.0,0.7987733960151673
90.0,0.7466057380040486
