cloud_cover,training_time
10.0,0.49712245066960653
20.0,0.5011791586875916
30.0,0.44285471439361573
40.0,0.41333598295847573
50.0,0.42134056488672894
60.0,0.7128163536389669
70.0,0.549861474831899
80.0,0.4030971646308899
90.0,0.5415236910184225
