cloud_cover,training_time
10.0,1.4016569058100383
30.0,1.7122610886891683
50.0,1.129914152622223
70.0,1.1087929805119832
90.0,0.3862298965454102
