cloud_cover,training_time
10.0,2.2679985562960305
30.0,1.873201056321462
50.0,1.3486535986264547
70.0,1.3727728962898254
90.0,0.5578000346819559
