cloud_cover,training_time
10.0,3.8826078097025554
20.0,5.0904567639033
30.0,2.8693632086118064
40.0,3.2293686230977374
50.0,3.093510909875234
60.0,5.68893266916275
70.0,7.700815641880036
80.0,5.787864792346954
90.0,6.80269083182017
