cloud_cover,training_time
10.0,1.3928971409797668
20.0,1.246136979262034
30.0,1.1090964277585347
40.0,1.1033793528874716
50.0,0.9454556226730346
60.0,1.63343688249588
70.0,1.71283970673879
80.0,1.747998078664144
90.0,2.481499890486399
