cloud_cover,training_time
10.0,0.3718752145767212
30.0,0.46996949513753256
50.0,0.7689092953999838
70.0,1.1409838596979778
90.0,1.6406019687652589
