cloud_cover,training_time
10.0,1.1847458283106487
20.0,1.2995503584543864
30.0,1.0582064867019654
40.0,0.9226592739423116
50.0,1.0700807650883992
60.0,1.4528421759605408
70.0,1.585720165570577
80.0,2.3109082698822023
90.0,2.7403618454933167
