cloud_cover,training_time
10.0,1.9593008081118266
30.0,1.5381559054056804
50.0,1.130962856610616
70.0,0.6945436477661133
90.0,0.5368502418200175
