cloud_cover,training_time
10.0,1.7291573961575826
20.0,1.701332370440165
30.0,1.3094255208969117
40.0,1.116129497687022
50.0,0.9919532378514607
60.0,1.9574591279029847
70.0,1.7179776509602864
80.0,2.0894236167271933
90.0,2.2230848550796507
