cloud_cover,training_time
10.0,2.8587791562080382
30.0,3.532206169764201
50.0,2.7398123423258465
70.0,2.9388466238975526
90.0,0.43757959206899005
