cloud_cover,training_time
10.0,17.883146250247954
20.0,13.763542342185975
30.0,21.39050479332606
40.0,20.842508021990458
50.0,10.260157068570456
60.0,21.035850822925568
70.0,31.342535714308422
80.0,31.895183273156483
90.0,23.775214926401773
