cloud_cover,training_time
10.0,0.454769496122996
20.0,0.2766701976458232
30.0,0.38968669970830283
40.0,0.3369948665301005
50.0,0.2352543274561564
60.0,0.336581281820933
70.0,0.38648646672566733
80.0,0.27046444416046145
90.0,0.27289681831995644
