cloud_cover,training_time
10.0,1.6699932972590128
30.0,1.917889126141866
50.0,0.900900677839915
70.0,0.6451701919237772
90.0,0.5642731030782063
