cloud_cover,training_time
10.0,1.7642770767211915
20.0,2.6256527423858644
30.0,2.084928794701894
40.0,1.3200658003489176
50.0,1.889574654897054
60.0,2.499862869580587
70.0,3.080694297949473
80.0,1.8050753752390545
90.0,1.8244289875030517
