cloud_cover,training_time
10.0,1.586785876750946
30.0,0.8906357129414876
50.0,0.88225177526474
70.0,0.4428504745165507
90.0,0.24659332434336345
