cloud_cover,training_time
10.0,3.2139869729677835
20.0,2.6975364685058594
30.0,3.807266036669413
40.0,1.8735325415929158
50.0,2.547013795375824
60.0,4.800738231341044
70.0,4.761876920859019
80.0,3.5206009109814964
90.0,4.4066983461380005
