cloud_cover,training_time
10.0,7.942009361584981
30.0,6.402121623357137
50.0,11.73144328991572
70.0,2.673090704282125
90.0,0.8515143434206645
