cloud_cover,training_time
10.0,2.163316035270691
30.0,1.8884689807891846
50.0,2.397993036111196
70.0,0.8860972205797831
90.0,0.414994748433431
