lr,losses
0.10000000149011612,0.9104601144790649
0.28999999165534973,0.901870846748352
0.47999998927116394,0.8981247544288635
0.6700000166893005,0.8947365283966064
0.8600000143051147,0.8767130374908447
1.0500000715255737,0.869141697883606
1.2400001287460327,0.8551440238952637
1.4300001859664917,0.8352476358413696
1.6200002431869507,0.8148987293243408
1.8100003004074097,0.7881125807762146
