cloud_cover,lr_min,lr_max,lr_avg
10.0,0.47828054428100586,1.1316807270050049,0.47828054428100586
20.0,0.5143103003501892,0.983642041683197,0.5143103003501892
30.0,0.6492176055908203,1.0833972692489624,0.6492176055908203
40.0,0.6410016417503357,1.1300671100616455,0.6410016417503357
50.0,0.577596127986908,1.169398546218872,0.577596127986908
60.0,0.4366440773010254,0.7885935306549072,0.4366440773010254
70.0,0.4391944110393524,0.8268489837646484,0.4391944110393524
80.0,0.5922155380249023,1.020676612854004,0.5922155380249023
90.0,0.5004024505615234,0.7554388046264648,0.5004024505615234
