cloud_cover,lr_min,lr_max,lr_avg
40.0,1.2976311445236206,1.6983461380004883,1.2976311445236206
