cloud_cover,lr_min,lr_max,lr_avg
40.0,1.4442161321640015,1.8965963125228882,1.4442161321640015
