cloud_cover,lr_min,lr_max,lr_avg
40.0,1.35592782497406,1.900161862373352,1.35592782497406
