cloud_cover,lr_min,lr_max,lr_avg
40.0,1.3832217454910278,1.8675342798233032,1.3832217454910278
