cloud_cover,lr_min,lr_max,lr_avg
40.0,1.4164294004440308,1.8914319276809692,1.4164294004440308
