cloud_cover,lr_min,lr_max,lr_avg
40.0,1.382387399673462,1.8799011707305908,1.382387399673462
