lr,losses
0.10000000149011612,0.9822408556938171
0.28999999165534973,0.9821369647979736
0.47999998927116394,0.978609025478363
0.6700000166893005,0.9689472913742065
0.8600000143051147,0.9431675672531128
1.0500000715255737,0.9165690541267395
1.2400001287460327,0.9096359014511108
1.4300001859664917,0.8893204927444458
1.6200002431869507,0.8445149660110474
1.8100003004074097,0.8337819576263428
