cloud_cover,training_time
10.0,1.2199761907259623
30.0,0.9688617785771688
50.0,0.800866425037384
70.0,0.7390744090080261
90.0,0.2851900100708008
