cloud_cover,training_time
10.0,0.7826381723086039
20.0,0.6898885170618693
30.0,0.9316339254379272
40.0,0.5467184027036031
50.0,0.42404534022013346
60.0,0.7895455638567607
70.0,1.1524387796719868
80.0,0.8884486754735311
90.0,1.1276204228401183
