cloud_cover,training_time
10.0,1.0286129474639893
30.0,0.834178360303243
50.0,0.6362080772717794
70.0,0.7486475547154744
90.0,0.27036831378936765
