cloud_cover,training_time
10.0,3.971649646759033
20.0,3.0486661513646443
30.0,1.9192894180615743
40.0,1.7253114541371664
50.0,1.5862769802411396
60.0,2.8242263317108156
70.0,2.794075298309326
80.0,2.769683559735616
90.0,2.7919131755828857
