cloud_cover,training_time
10.0,13.744975642363231
30.0,8.81133242448171
50.0,6.095222123463949
70.0,2.9397093137105306
90.0,1.2558542648951212
