cloud_cover,training_time
10.0,2.499130936463674
20.0,3.665285042921702
30.0,3.558167902628581
40.0,1.2587074756622314
50.0,2.225183729330699
60.0,5.169792822996775
70.0,3.3509079297383626
80.0,5.298195711771647
90.0,4.655116879940033
