cloud_cover,training_time
10.0,3.115526250998179
30.0,1.8145546952883402
50.0,2.0438226381937663
70.0,0.9775547941525777
90.0,0.4150475939114889
