cloud_cover,training_time
40.0,4.86542805035909
50.0,4.061887013912201
60.0,4.9958369890848795
70.0,7.079167715708414
80.0,8.21606111129125
90.0,8.368900541464487
