cloud_cover,training_time
10.0,2.0972120563189187
20.0,1.7876288890838623
30.0,2.037670115629832
40.0,1.2903018911679585
50.0,1.0944375157356263
60.0,2.265327036380768
70.0,3.1477139910062153
80.0,4.313083080450694
90.0,3.541805835564931
