cloud_cover,training_time
10.0,0.2880409042040507
30.0,0.6546980539957682
50.0,1.065868612130483
70.0,1.148693867524465
90.0,2.7449059804280598
