cloud_cover,training_time
10.0,3.7981706937154134
30.0,2.4436105807622273
50.0,2.463923176129659
70.0,1.6746883392333984
90.0,0.3277786771456401
