cloud_cover,training_time
10.0,4.762495915095012
20.0,4.264320719242096
30.0,3.831633182366689
40.0,3.786962401866913
50.0,5.129168923695882
60.0,5.154519176483154
70.0,6.314396584033966
80.0,7.7546957929929095
90.0,7.163667098681132
