cloud_cover,lr_min,lr_max,lr_avg
50.0,0.9545449018478394,1.8636349439620972,0.9545449018478394
