cloud_cover,lr_min,lr_max,lr_avg
50.0,0.9048043489456177,1.618343472480774,0.9048043489456177
