cloud_cover,lr_min,lr_max,lr_avg
50.0,0.8402588963508606,1.5805164575576782,0.8402588963508606
