cloud_cover,lr_min,lr_max,lr_avg
50.0,1.2347220182418823,1.8680552244186401,1.2347220182418823
