cloud_cover,lr_min,lr_max,lr_avg
50.0,1.5546882152557373,1.8812509775161743,1.5546882152557373
