cloud_cover,lr_min,lr_max,lr_avg
50.0,1.565714716911316,1.7828577756881714,1.565714716911316
