cloud_cover,lr_min,lr_max,lr_avg
50.0,0.9360007643699646,1.8588550090789795,0.9360007643699646
