cloud_cover,lr_min,lr_max,lr_avg
50.0,1.4602277278900146,1.8920466899871826,1.4602277278900146
