cloud_cover,lr_min,lr_max,lr_avg
50.0,0.8723570108413696,1.945933222770691,0.8723570108413696
