cloud_cover,lr_min,lr_max,lr_avg
50.0,1.0140552520751953,1.9178361892700195,1.0140552520751953
